id,domain,status,purchase_price,renewal_price,attractiveness,demand,length,registrar,created_at,expires_at,status_verified_at
50980d37-5524-432d-92da-d470fb3e596d,shear.mortgage,available,65.98,76.98,medium,low,5,namecheap,,,30/09/2026 11:04
43b7276c-c937-40a1-86c6-a4a433f751f2,exogenic.mortgage,available,14.99,81.99,medium,low,8,name.com,,,17/08/2026 17:34
6d89a8ab-2d51-448b-ad61-19d4df84857b,compromise.mortgage,available,62.99,62.99,high,low,10,namesilo,,,24/09/2026 16:54
d0e6f8a1-37b3-4305-9569-e6907f4590e9,razed.mortgage,available,14.99,81.99,medium,low,5,name.com,,,14/08/2026 01:24
ac3f48ac-b46b-47ef-b4c8-e38846167034,earthworm.mortgage,available,62.99,62.99,high,low,9,namesilo,,,19/09/2026 06:33
7bd08758-6e64-4aed-b7e5-36a64203e066,kirkpatrick.mortgage,available,62.99,62.99,medium,low,11,namesilo,,,28/09/2026 12:22
cc57716e-8e7e-4303-9ae7-27ac1c9900dd,disobedience.mortgage,available,62.99,62.99,medium,low,12,namesilo,,,16/09/2026 12:19
b4a1c409-fa33-4a23-90a8-1501229bf517,ivan.mortgage,available,62.99,62.99,high,low,4,namesilo,,,25/09/2026 12:04
a8ce62be-2f96-4c9e-a304-36b9170b6148,adhesive.mortgage,available,14.99,81.99,high,low,8,name.com,,,
924a29a1-2b24-4d8f-8f9a-1c26aef18f41,almost.mortgage,available,8.24,49.95,high,low,6,porkbun,,,28/09/2026 11:54
01855d96-f722-4c4c-8a19-fd20e8e17665,cyclic.mortgage,available,14.99,81.99,high,low,6,name.com,,,13/08/2026 13:31
7df6d8bf-9b1d-4265-91d5-4e4f564dfa82,regarded.mortgage,available,14.99,,high,low,8,name.com,,,
fb5d49ee-b206-4436-81f3-1e38832cf290,spa.mortgage,available,8.24,51.58,high,low,3,dynadot,,,28/09/2026 10:01
edd8f74f-38ce-4695-a42f-89222baf478b,dotty.mortgage,available,14.99,81.99,medium,low,5,name.com,,,06/08/2026 20:55
5ecd231d-5f4d-4265-83e2-df0b720fd870,corrected.mortgage,available,62.99,62.99,high,low,9,namesilo,,,23/09/2026 23:45
e5ad24ca-d1fe-4d8b-9729-72ec0419ef98,nie.mortgage,available,48.2,48.2,medium,low,3,cloudflare,,,30/09/2026 03:54
c8a54a6b-0348-4c65-a511-c943d822c5fd,chelate.mortgage,available,14.99,81.99,medium,low,7,name.com,,,12/08/2026 04:03
85a6e10f-a3e2-4a2c-b5c6-bbc9a2f23d19,manage.mortgage,available,62.99,62.99,high,medium,6,namesilo,,,28/09/2026 06:55
77c60f31-6a06-46a8-ae6b-9d8c6cbdc330,kroeber.mortgage,available,62.99,62.99,medium,low,7,namesilo,,,18/09/2026 06:35
09721b65-a3a1-486f-b166-c2646ca9e0a5,mules.mortgage,available,49.88,49.88,high,low,5,spaceship,,,29/09/2026 21:20
378b1101-1e90-49e0-a808-f2f53f9907cf,antibiotic.mortgage,available,62.99,62.99,high,low,10,namesilo,,,22/09/2026 06:14
2109ca2f-386a-41cc-99cc-0a0b6a2cbe51,verb.mortgage,available,62.99,62.99,high,low,4,namesilo,,,30/09/2026 14:26
88d905c7-f112-486a-a38c-f91258e44e3a,hou.mortgage,available,49.88,49.88,high,low,3,spaceship,,,29/09/2026 10:03
7bb2e961-1eed-4b4b-9acc-91cafb1c869d,etcetera.mortgage,available,65.98,76.98,high,low,8,namecheap,,,13/09/2026 19:52
c4b38723-a8a1-4845-9c23-432d29b4fdf0,reel.mortgage,available,62.99,62.99,high,low,4,namesilo,,,24/09/2026 06:24
aee9e796-0341-430a-bec7-01ff68b2bdfc,interpreted.mortgage,available,62.99,62.99,high,low,11,namesilo,,,30/09/2026 06:10
c4b616c5-a316-4a29-9eba-fd4ea3a667ca,guildford.mortgage,available,8.24,51.58,medium,low,9,dynadot,,,29/09/2026 15:26
b1bb5fc7-ad6a-462c-82c0-b60278906b46,brie.mortgage,available,49.88,49.88,medium,low,4,spaceship,,,29/09/2026 04:09
aa030b0b-2e2b-4604-ae1d-668d1a081510,quarry.mortgage,available,49.88,49.88,high,low,6,spaceship,,,29/09/2026 12:13
19dc0188-8d35-4399-bd2a-a805cbc46b2c,linz.mortgage,available,49.88,49.88,high,low,4,spaceship,,,29/09/2026 13:18
d45d5569-8c2b-4954-b58f-38a89bb6ccd6,virile.mortgage,available,62.99,62.99,high,low,6,namesilo,,,13/09/2026 06:04
32451fc4-db0b-4f11-917e-f8c02f9d9af0,teachable.mortgage,available,62.99,62.99,high,low,9,namesilo,,,11/09/2026 09:34
252d8b5c-f704-4f49-bb7d-567d7276f3bf,excess.mortgage,available,14.99,81.99,high,low,6,name.com,,,17/08/2026 16:06
8fe0fe51-9f62-4094-9bb1-6c858d048360,butchery.mortgage,available,65.98,76.98,medium,low,8,namecheap,,,16/09/2026 14:16
b4a73835-7cac-467e-8cff-2622d43cb0c4,nobody.mortgage,available,62.99,62.99,high,low,6,namesilo,,,30/09/2026 05:49
b5074712-5d5c-4f63-bb5e-762927acff7e,stabilized.mortgage,available,65.98,76.98,high,low,10,namecheap,,,10/09/2026 17:54
cc1d62c4-b168-4547-b098-3eda59992c8d,skinny.mortgage,available,14.99,81.99,high,low,6,name.com,,,12/08/2026 04:01
b17fa959-cd8f-454c-986f-a630fc0e6109,undisturbed.mortgage,available,49.88,49.88,high,low,11,spaceship,,,30/09/2026 12:13
f040df86-ba57-43d6-92da-ed370a39c751,autograph.mortgage,available,62.99,62.99,high,low,9,namesilo,,,21/09/2026 06:37
da18ebe3-d57f-4cc5-b7e6-a4379f6a8902,agama.mortgage,available,62.99,62.99,medium,low,5,namesilo,,,17/09/2026 16:05
461fae35-df35-4421-9392-1a1515b1009a,feared.mortgage,available,49.88,49.88,medium,low,6,spaceship,,,28/09/2026 11:28
9a1a9559-97f1-44a2-8cb2-672337ec0433,graveyard.mortgage,available,49.88,49.88,high,low,9,spaceship,,,28/09/2026 01:14
0a857352-85e5-4c39-b7bf-2fa6c81dc124,quelled.mortgage,available,62.99,62.99,medium,low,7,namesilo,,,09/09/2026 08:24
ac766b47-d1d7-4b3b-bbb6-4c574f021ebf,pyramidal.mortgage,available,62.99,62.99,medium,low,9,namesilo,,,09/09/2026 06:55
62d398a3-09c1-4a09-a110-929333b2f707,audiology.mortgage,available,65.98,76.98,medium,low,9,namecheap,,,21/09/2026 02:56
4c4b8fc0-8137-4f9d-a18c-b39d43acf554,kangeroo.mortgage,available,14.99,,medium,low,8,name.com,,,
b40c413c-9759-45b5-bdc7-11a81de2dc02,copula.mortgage,available,14.99,81.99,medium,low,6,name.com,,,13/08/2026 00:42
a4006f46-4cc0-4dec-a011-9af36cbfea64,thusly.mortgage,available,62.99,62.99,medium,low,6,namesilo,,,16/09/2026 09:04
f0e5c303-75c9-4cf8-920d-1269726c1ed7,eminently.mortgage,available,62.99,62.99,medium,low,9,namesilo,,,14/09/2026 15:19
59141040-cadf-46d3-8a07-bcda5642b05d,bottoms.mortgage,available,65.98,76.98,medium,low,7,namecheap,,,20/09/2026 18:24
ad1ec82c-9a9d-452b-8692-0600b09568c6,stacked.mortgage,available,14.99,81.99,high,low,7,name.com,,,10/08/2026 20:37
b4702bcd-8699-4483-9194-c0427e97f332,slimy.mortgage,available,14.99,81.99,medium,low,5,name.com,,,14/08/2026 04:03
bdd17ceb-b65d-4b2f-9dfd-33124f785182,running.mortgage,available,62.99,62.99,high,low,7,namesilo,,,27/09/2026 17:05
7cd2f5d6-85f9-4bab-abf1-c84284eb5ae6,tile.mortgage,available,49.88,49.88,high,low,4,spaceship,,,30/09/2026 10:23
3db2740a-9bcd-4dfa-8686-c302a2d5dbe5,apposite.mortgage,available,14.99,81.99,medium,low,8,name.com,,,06/08/2026 07:53
5a60bb33-2c41-4e30-9179-05d26b0c2a31,konrad.mortgage,available,62.99,62.99,medium,low,6,namesilo,,,28/09/2026 12:53
1738aa6d-d8c8-41d5-acf1-586c53239293,nonunion.mortgage,available,65.98,76.98,medium,low,8,namecheap,,,03/09/2026 20:58
6f342679-c504-47ec-bc9e-a3c6883eb436,murray.mortgage,available,62.99,62.99,high,low,6,namesilo,,,25/09/2026 22:54
5cde09d9-10e0-45ee-a60e-e17f0c8dc18f,dike.mortgage,available,14.99,81.99,medium,low,4,name.com,,,11/08/2026 11:33
355d3fa4-14ed-4d07-9de2-25b25fef46ba,taping.mortgage,available,49.88,49.88,high,low,6,spaceship,,,01/10/2026 04:01
e69c62fe-4573-4e32-80ed-83f055117a5f,styria.mortgage,available,49.88,49.88,medium,low,6,spaceship,,,30/09/2026 21:45
10cd850d-c959-4a6f-b9e5-201463690c8b,apsu.mortgage,available,62.99,62.99,medium,low,4,namesilo,,,19/09/2026 22:37
b28feeb1-4ced-4f01-9c68-66f5fd6dabfd,football.mortgage,available,48.2,48.2,high,medium,8,cloudflare,,,29/09/2026 19:44
f3059c47-98aa-466b-befd-b738f395c1ca,miss.mortgage,premium,118.8,118.8,high,low,4,namesilo,,,27/09/2026 03:56
86bbdbe1-81e0-42e8-a0fe-763a7780960b,confiding.mortgage,available,14.99,81.99,high,low,9,name.com,,,12/08/2026 20:45
1bf813bb-0b8b-428f-a1ee-75e72489d1c1,conviction.mortgage,available,65.98,76.98,high,low,10,namecheap,,,24/09/2026 18:01
c89fd766-dde1-4470-b7d4-02270d631020,mortars.mortgage,available,14.99,81.99,low,low,7,name.com,,,21/09/2026 02:28
4a05160f-4f4a-4f36-aa06-16561d5e391e,continuant.mortgage,available,14.99,81.99,medium,low,10,name.com,,,12/08/2026 23:17
a35b59c8-00cf-4986-add9-698f0a13c3b2,spoilt.mortgage,available,14.99,81.99,medium,low,6,name.com,,,10/08/2026 14:19
3656982d-ee86-499e-969a-764049e6af4d,british.mortgage,premium,520,520,high,low,7,namecheap,,,23/09/2026 09:38
99531908-e40c-4d20-a664-b53926fbd7d9,oversee.mortgage,available,8.24,51.58,high,low,7,dynadot,,,30/09/2026 21:16
7ac52c8c-c6db-40b7-a670-5a8cdae118b4,zone.mortgage,available,49.88,49.88,high,low,4,spaceship,,,29/09/2026 16:21
6c2a432d-c5d0-44e3-b1f6-e53e0731f3cb,blonde.mortgage,available,62.99,62.99,high,low,6,namesilo,,,22/09/2026 22:17
fd52ea55-cc4e-4032-bb38-d3763303d897,chronic.mortgage,available,14.99,81.99,high,low,7,name.com,,,12/08/2026 07:24
0085e421-2146-4958-bc32-1aa5f9d2543d,different.mortgage,available,65.98,76.98,high,low,9,namecheap,,,24/09/2026 08:12
07da2416-1a1d-4d02-afc9-f28e6f02cc00,nearly.mortgage,available,62.99,62.99,high,low,6,namesilo,,,28/09/2026 11:55
175ade2f-3279-4aa9-9695-ce9ae2541448,owned.mortgage,available,62.99,62.99,high,low,5,namesilo,,,26/09/2026 03:41
8d598991-7087-435c-bd05-9de9909360ec,fremantle.mortgage,available,65.98,76.98,medium,low,9,namecheap,,,29/09/2026 23:48
d8377d97-0abf-470e-b4da-64c51afb5a5e,dictatorship.mortgage,available,65.98,76.98,medium,low,12,namecheap,,,29/09/2026 14:18
8b15ee0a-f5cd-4065-b675-36bb4d4e32b7,cook.mortgage,available,62.99,62.99,high,low,4,namesilo,,,27/09/2026 10:07
e45f2118-61f1-49de-96ed-46decff5d599,grey.mortgage,available,62.99,62.99,high,low,4,namesilo,,,08/09/2026 07:08
32d66b5f-8fa8-4554-9040-2b5b893dd11c,quail.mortgage,available,62.99,62.99,high,low,5,namesilo,,,01/10/2026 02:11
a69da42f-78a7-4c40-aac0-0c883581f276,bucolic.mortgage,available,14.99,81.99,high,low,7,name.com,,,06/08/2026 14:14
90bda759-2eda-4a17-a71b-6567de5dfc23,territory.mortgage,available,62.99,62.99,high,low,9,namesilo,,,29/09/2026 16:20
60fa0e5a-c5b8-4889-b753-678e27b5b5a7,balky.mortgage,available,14.99,81.99,medium,low,5,name.com,,,08/08/2026 09:55
650011bd-ff7e-4fc1-b07e-0e9f9989ddef,woodruff.mortgage,available,62.99,62.99,medium,low,8,namesilo,,,20/09/2026 15:04
c2436111-f5c1-4a7d-ba67-ca9819e4eac7,eyrie.mortgage,available,14.99,81.99,high,low,5,name.com,,,
ffa97e75-3ebb-405d-9486-3551e1a1b721,action.mortgage,available,62.99,62.99,high,medium,6,namesilo,,,30/09/2026 01:30
1ef86c72-c121-48cc-9514-413147de2628,perfume.mortgage,available,65.98,76.98,high,low,7,namecheap,,,27/09/2026 04:02
3c57eb81-9d01-4cd2-9b62-129eb886c57c,bananas.mortgage,available,62.99,62.99,high,low,7,namesilo,,,28/09/2026 15:58
499aee07-90e5-40f0-8556-d8d69ed53e21,secluded.mortgage,available,65.98,76.98,high,low,8,namecheap,,,27/09/2026 06:24
e8709fa5-a6e4-471e-be2e-ec8e7b5550c9,frog.mortgage,available,14.99,81.99,high,low,4,name.com,,,05/08/2026 21:03
e77f4cc7-da7e-4c2b-90f0-af478c9df2b9,smarter.mortgage,available,62.99,62.99,high,low,7,namesilo,,,29/09/2026 10:30
8f39e9ba-3b61-4d8f-857a-c3fe52e48759,pricy.mortgage,available,14.99,81.99,medium,low,5,name.com,,,21/08/2026 08:58
f6bda0e5-3f11-476f-9e09-12f77c5f68e3,groundless.mortgage,available,14.99,81.99,medium,low,10,name.com,,,08/08/2026 21:49
1b0b933b-5c89-41be-b19b-3b694cf13cfe,comrade.mortgage,available,62.99,62.99,high,low,7,namesilo,,,28/09/2026 13:44
46e7a463-450f-4a62-8f8f-1c0d4407e8d4,agni.mortgage,available,62.99,62.99,medium,low,4,namesilo,,,17/09/2026 18:43
490321ec-0fe1-4846-9e05-496c080d3c06,slots.mortgage,available,62.99,62.99,high,low,5,namesilo,,,20/09/2026 10:58
49ae23b8-8cd1-4ecf-ba6b-e3741a228ef0,characteristics.mortgage,available,14.99,,medium,low,15,name.com,,,
5925a20d-5f56-4db3-bf91-0ab9ddecd4c9,karachi.mortgage,available,107.99,107.99,high,low,7,godaddy,,,28/09/2026 02:13
c9cfc033-0aea-451a-a930-1b445b102e7f,horseback.mortgage,available,62.99,62.99,high,low,9,namesilo,,,21/09/2026 23:38
f35072da-3174-4666-b1d3-bb4992116eec,executor.mortgage,available,8.24,49.95,high,low,8,porkbun,,,01/10/2026 01:58
60d9c246-36a3-4003-a2eb-0e82cbd0d82a,quaintly.mortgage,available,62.99,62.99,medium,low,8,namesilo,,,15/09/2026 22:07
8b06a356-f006-45b9-be58-092d18e80507,hapter.mortgage,available,49.88,49.88,medium,low,6,spaceship,,,30/09/2026 20:38
b5202d58-ed9f-400a-b2ae-ebbebc53aee4,solely.mortgage,available,14.99,81.99,high,low,6,name.com,,,
be5c9f97-2e44-4672-b409-7e5543e13865,wool.mortgage,available,48.2,48.2,high,low,4,cloudflare,,,28/09/2026 10:46
c54d1def-6697-4e57-bf95-d314e9bb95ac,baking.mortgage,available,62.99,62.99,high,low,6,namesilo,,,22/09/2026 16:25
63a2cc2e-de6c-4759-a76e-9a358acabc30,engagements.mortgage,available,48.2,48.2,medium,low,11,cloudflare,,,30/09/2026 07:14
87705c28-f63b-4b1b-9ade-dbfdf80992da,thrashing.mortgage,available,62.99,62.99,medium,low,9,namesilo,,,13/09/2026 07:54
0884bd0e-0358-4e75-a8eb-07d8a82c896f,healthful.mortgage,available,14.99,81.99,high,low,9,name.com,,,21/08/2026 02:02
5e3381b4-25da-4858-b34f-bdbcd99297dd,incite.mortgage,available,62.99,62.99,high,low,6,namesilo,,,09/09/2026 03:18
492d0879-2f20-4b11-9b54-fceb01e782b0,epirus.mortgage,available,8.24,51.58,medium,low,6,dynadot,,,30/09/2026 09:34
5a4a568d-e363-45ae-84db-2a4cbab58037,dryers.mortgage,available,62.99,62.99,medium,low,6,namesilo,,,21/09/2026 07:40
47313554-f335-4fcd-9de2-5f679cff8dd1,animistic.mortgage,available,14.99,81.99,medium,low,9,name.com,,,
fdd618a0-8707-4808-acbe-e9df0bb9ead4,cuisine.mortgage,available,8.24,49.95,high,low,7,porkbun,,,30/09/2026 21:07
1e96987d-0405-4cde-a76e-d06fc2c08cdf,tautly.mortgage,available,62.99,62.99,medium,low,6,namesilo,,,16/09/2026 08:09
455f4d4c-2669-4746-8b97-5a734566734e,deplorable.mortgage,available,14.99,81.99,medium,low,10,name.com,,,12/08/2026 20:22
936ae3cd-3004-4477-bd0a-d594be3b2f53,grip.mortgage,available,8.24,49.95,high,low,4,porkbun,,,28/09/2026 18:31
55fd40e6-603f-4673-b9aa-2314aa89fd8b,nicholls.mortgage,available,49.88,49.88,medium,low,8,spaceship,,,28/09/2026 16:37
a1db310e-2cf7-4975-a703-ed10be79a9f1,marsupial.mortgage,available,14.99,81.99,high,low,9,name.com,,,24/08/2026 16:32
bfc1464f-bad1-4545-94a4-c110ed83e363,grocery.mortgage,available,62.99,62.99,high,low,7,namesilo,,,08/09/2026 13:48
fae8a388-6a63-46e8-8042-d7cb159db2cd,organised.mortgage,available,62.99,62.99,high,low,9,namesilo,,,26/09/2026 00:28
c2698b5e-ff73-461e-a990-cd85a5f02e62,roddy.mortgage,available,48.2,48.2,medium,low,5,cloudflare,,,30/09/2026 20:26
1f3c0446-6d93-40f9-a027-0557f1a8cd1e,prostyle.mortgage,available,62.99,62.99,medium,low,8,namesilo,,,09/09/2026 04:01
0decc59a-3c42-4b90-adf0-1cc43e4c613d,cpc.mortgage,premium,242,242,high,low,3,namesilo,,,28/09/2026 16:33
674e112d-914a-4de3-bd8f-fd47c018fab8,background.mortgage,available,65.98,76.98,high,low,10,namecheap,,,29/09/2026 00:20
cf2c84cc-a298-403b-a487-86f0ba235023,vomiting.mortgage,available,48.2,48.2,high,low,8,cloudflare,,,29/09/2026 15:43
41ea21a2-2202-4707-a6f7-8928b1525dca,unseasoned.mortgage,available,65.98,76.98,medium,low,10,namecheap,,,12/09/2026 18:46
c730c114-471f-413e-8c3a-064609312ab3,diabetic.mortgage,available,14.99,81.99,high,low,8,name.com,,,14/08/2026 05:36
4a21cb83-9e85-4e0f-bba2-46f7d7f723c3,focally.mortgage,available,65.98,76.98,medium,low,7,namecheap,,,14/09/2026 19:10
cd21a4ed-73b6-469c-b4e7-640711bed426,adored.mortgage,available,65.98,76.98,high,low,6,namecheap,,,21/09/2026 19:35
56521344-b260-4d4e-8d3d-26012ac8b014,beardless.mortgage,available,14.99,81.99,medium,low,9,name.com,,,09/08/2026 04:43
dcbe63f1-0e28-4dab-8793-02d2868d5d6d,stages.mortgage,available,62.99,62.99,medium,low,6,namesilo,,,16/09/2026 12:11
c9125990-eb75-4c38-86ef-007c6aa9ed6a,forcing.mortgage,available,49.88,49.88,medium,low,7,spaceship,,,28/09/2026 12:56
ed4fefad-53e6-472e-b8a2-bbe10250a273,contained.mortgage,available,62.99,62.99,high,low,9,namesilo,,,23/09/2026 21:42
edb055a3-e600-44c6-bfee-7ef84a5f98f8,pinked.mortgage,available,62.99,62.99,medium,low,6,namesilo,,,20/09/2026 15:51
b6a06b58-167d-491b-85cc-bd58ba70e9cb,finalized.mortgage,available,62.99,62.99,medium,low,9,namesilo,,,17/09/2026 13:05
3e105ebe-0e57-41de-ae6f-bf5e7de20ac4,maj.mortgage,available,14.99,81.99,high,low,3,name.com,,,27/09/2026 02:37
75551b6d-adc2-4eb1-9db0-cd25f20f00b4,canonical.mortgage,available,14.99,81.99,high,low,9,name.com,,,11/08/2026 17:23
c23a9bad-ade0-45c7-bc05-ffc0a7722479,argal.mortgage,available,65.98,76.98,medium,low,5,namecheap,,,20/09/2026 04:10
987b9c92-c558-4848-910f-df6c0db305d1,appreciation.mortgage,premium,500,,high,low,12,name.com,,,
705a4294-b76f-4e04-a6df-01e787357cbd,university.mortgage,available,62.99,62.99,high,low,10,namesilo,,,28/09/2026 22:48
8aea10d9-de5d-430b-bf00-eade3ce1fa6a,overgrown.mortgage,available,62.99,62.99,medium,low,9,namesilo,,,04/09/2026 20:42
80a878c3-5973-45f7-9b6c-39275c93368d,limply.mortgage,available,62.99,62.99,medium,low,6,namesilo,,,15/09/2026 12:20
03cc5d87-f755-4576-94f4-493b2a4595a9,inflated.mortgage,available,14.99,81.99,medium,low,8,name.com,,,21/08/2026 08:47
3882af1f-0723-4ec1-850e-54e26c70d300,awestruck.mortgage,available,14.99,81.99,medium,low,9,name.com,,,08/08/2026 01:00
e34335ac-fb62-41d0-9009-752396fa1663,youth.mortgage,available,62.99,62.99,high,low,5,namesilo,,,29/09/2026 17:26
c0e678a8-eb82-4779-99db-b65623b0b503,allemande.mortgage,available,65.98,76.98,medium,low,9,namecheap,,,18/09/2026 10:46
e07fff0c-1bbc-40c0-8c53-131b487a925b,produce.mortgage,available,48.2,48.2,high,low,7,cloudflare,,,29/09/2026 20:43
2faffb05-6173-49e6-ba78-f788d8ad7aae,bilge.mortgage,available,62.99,62.99,medium,low,5,namesilo,,,23/09/2026 15:50
ef32c0db-f618-491d-bfd2-4de605db3d84,situated.mortgage,available,62.99,62.99,medium,low,8,namesilo,,,25/09/2026 14:16
70c85490-e316-4fcb-aa12-99f9db5850ad,unsullied.mortgage,available,65.98,76.98,medium,low,9,namecheap,,,10/09/2026 18:19
c5c1089f-c824-4c72-9114-5e17293a3d6c,ribless.mortgage,available,62.99,62.99,medium,low,7,namesilo,,,09/09/2026 17:15
e5f43f8b-8007-404c-9ccf-2411fed5ff2d,axolotl.mortgage,available,62.99,62.99,high,low,7,namesilo,,,18/09/2026 17:37
f7025dbc-a954-4130-9d0f-c81f84fd8bdc,bosomed.mortgage,available,14.99,81.99,medium,low,7,name.com,,,10/08/2026 20:23
ab8da1f4-bc05-4e50-82d5-a5a4c0d080f5,founder.mortgage,available,8.24,49.95,high,medium,7,porkbun,,,28/09/2026 13:40
98e3129c-53f1-418e-975a-846ef2711464,scipio.mortgage,available,62.99,62.99,medium,low,6,namesilo,,,29/09/2026 13:43
df575ae4-1a7a-4885-b73e-741f8cfc6647,inculpable.mortgage,available,14.99,81.99,medium,low,10,name.com,,,10/08/2026 12:55
945dfe3c-23e5-46d9-94b6-732c437de1a7,auspex.mortgage,available,62.99,62.99,medium,low,6,namesilo,,,21/09/2026 03:22
8707a694-ae0a-4fed-8d2f-f192debecc45,soberly.mortgage,available,62.99,62.99,medium,low,7,namesilo,,,14/09/2026 22:10
decb960c-4ce7-474f-93ab-e7558808e863,unshared.mortgage,available,62.99,62.99,medium,low,8,namesilo,,,12/09/2026 19:38
782544fd-03d0-4617-bedd-62e7644a7045,roasted.mortgage,available,49.88,49.88,high,low,7,spaceship,,,27/09/2026 15:50
f52dd9ba-5798-4a1a-94ed-caf738c0eb55,slowly.mortgage,available,14.99,81.99,medium,low,6,name.com,,,22/08/2026 23:55
117d6be6-ec81-43fd-8267-95edf1bf59ec,est.mortgage,available,49.88,49.88,high,low,3,spaceship,,,28/09/2026 01:49
d0a75e7b-9b88-4f16-8f04-5d1bc205a306,situation.mortgage,available,49.88,49.88,high,low,9,spaceship,,,29/09/2026 02:15
f57e5e60-9c12-4115-8b10-e3552b1589f0,assyria.mortgage,available,62.99,62.99,medium,low,7,namesilo,,,20/09/2026 16:47
ad26dcc0-69d0-4f56-88df-12a0ebdb1a4b,hodge.mortgage,available,62.99,62.99,medium,low,5,namesilo,,,29/09/2026 15:06
f256d44c-af9f-4c84-9358-d995ef618639,applique.mortgage,available,65.98,76.98,medium,low,8,namecheap,,,19/09/2026 21:57
5b5bfac2-8734-411a-b725-63095594cc12,outlined.mortgage,available,65.98,76.98,high,low,8,namecheap,,,04/09/2026 19:31
a1957988-5c33-41c2-9712-f8e5108dd303,settle.mortgage,available,62.99,62.99,high,low,6,namesilo,,,25/09/2026 10:17
2128feec-97e1-419e-8a55-6731b0ca5c24,logging.mortgage,available,8.24,49.95,high,low,7,porkbun,,,29/09/2026 19:34
06d606a9-52aa-413c-8283-38540d5cf696,insanity.mortgage,available,48.2,48.2,high,low,8,cloudflare,,,28/09/2026 02:09
e1f14cb2-3311-432a-9a88-9b8a183dd8f6,advocator.mortgage,available,14.99,81.99,medium,low,9,name.com,,,17/09/2026 11:45
bfc100c3-419e-4a27-8194-ec9841666037,prioritize.mortgage,available,49.88,49.88,high,low,10,spaceship,,,30/09/2026 21:21
b8ae6b49-7509-4dea-85bc-b04bd72e6131,bumpy.mortgage,available,14.99,81.99,medium,low,5,name.com,,,11/08/2026 09:48
995e9376-a54c-4e9e-b673-22c3d78e5e05,endure.mortgage,available,14.99,81.99,high,low,6,name.com,,,11/08/2026 02:41
b02bed13-e53b-445c-8c66-e699edd0c102,lasers.mortgage,available,48.2,48.2,medium,low,6,cloudflare,,,30/09/2026 07:44
d849fbf7-5f5b-4791-885d-4492aeb585a8,connell.mortgage,available,49.88,49.88,medium,low,7,spaceship,,,28/09/2026 22:06
56fa9309-5396-436c-aa4f-d250c10ced59,mounting.mortgage,available,62.99,62.99,medium,low,8,namesilo,,,29/09/2026 00:26
bfeb73f2-a4e2-4770-994b-3cedac421579,upbound.mortgage,available,62.99,62.99,medium,low,7,namesilo,,,12/09/2026 23:02
011bb70f-67fc-4500-98dc-4c117245be67,auxesis.mortgage,available,62.99,62.99,medium,low,7,namesilo,,,21/09/2026 08:33
afa8e3e9-b730-4e89-8b79-e7652362dc5c,handbook.mortgage,available,8.24,49.95,high,low,8,porkbun,,,29/09/2026 12:11
734f1e55-e22f-417e-8a2f-4698278f876c,soignee.mortgage,available,62.99,62.99,medium,low,7,namesilo,,,10/09/2026 13:30
15ac5553-fb0f-4cde-98ef-5d818f3c0c3d,dewey.mortgage,available,62.99,62.99,high,low,5,namesilo,,,17/09/2026 08:48
f1bf1614-1b7f-4cef-9fbd-ee52dbae9731,encodes.mortgage,available,8.24,51.58,low,low,7,dynadot,,,28/09/2026 17:50
f5aaf232-5eb2-4ab6-bf15-c8540acfd290,mosey.mortgage,available,62.99,62.99,medium,low,5,namesilo,,,18/09/2026 17:00
fed625f2-4258-48f7-8a75-92d6677008d1,disregarded.mortgage,available,14.99,,medium,low,11,name.com,,,
decc9b30-543e-4b9b-8e18-407d4bffb9fb,spirits.mortgage,available,48.2,48.2,high,low,7,cloudflare,,,29/09/2026 03:40
fccd966f-e96b-471e-8159-b8d1312dc92f,exuberant.mortgage,available,14.99,81.99,high,low,9,name.com,,,14/08/2026 23:21
f104516d-5b8f-4076-b515-365cad231186,pointer.mortgage,available,62.99,62.99,high,low,7,namesilo,,,20/09/2026 09:27
d4138489-7f92-43fd-814e-462f3d04f876,blacksburg.mortgage,available,62.99,62.99,medium,low,10,namesilo,,,24/09/2026 02:57
41beb239-e721-4f4a-befd-9e449cc2a213,fist.mortgage,available,49.88,49.88,high,low,4,spaceship,,,29/09/2026 09:58
3882cca8-a34d-4577-967d-8179430e6141,negotiation.mortgage,available,49.88,49.88,high,low,11,spaceship,,,30/09/2026 19:24
8a41d8fc-6f83-4bbb-825d-3e30455ef79e,frederick.mortgage,premium,242,242,high,low,9,namesilo,,,28/09/2026 01:56
2ceeb366-334b-4901-9e92-a98654fe0c68,catholics.mortgage,available,65.98,76.98,medium,low,9,namecheap,,,19/09/2026 20:28
612f6f28-bd04-481b-b225-d8b9fb80da04,inaudible.mortgage,available,14.99,81.99,medium,low,9,name.com,,,22/08/2026 00:33
4d56b9f6-95cf-4404-bc37-2d259930f3af,tuneless.mortgage,available,65.98,76.98,medium,low,8,namecheap,,,11/09/2026 21:05
324ea643-ea90-482b-aefa-2882f2872022,evolutionary.mortgage,available,49.88,49.88,medium,low,12,spaceship,,,29/09/2026 10:23
da835235-7e2c-4eab-878f-c2e9e586e57f,cao.mortgage,available,65.98,76.98,high,low,3,namecheap,,,25/09/2026 14:36
9c33f2c7-0207-43d0-9d8a-04efe6cd32dd,mansion.mortgage,premium,242,242,high,low,7,namesilo,,,28/09/2026 06:20
9691b7f2-60c8-434c-aa9a-7fdc436a7824,shipment.mortgage,available,62.99,62.99,high,low,8,namesilo,,,24/09/2026 12:59
f133b92d-72d1-4852-bd10-e6dd4bd4401b,absolute.mortgage,premium,512,512,high,low,8,namesilo,,,21/09/2026 14:42
173a8e1a-8429-4a38-abac-c8f705a97c8a,bog.mortgage,available,48.2,48.2,high,low,3,cloudflare,,,30/09/2026 08:26
13fe6cae-a9fc-4806-ae09-be7a8eaee3e1,nfl.mortgage,available,62.99,62.99,high,low,3,namesilo,,,26/09/2026 03:28
7b69afb7-ae4c-4cca-bf9f-bc390fcff3b5,parrott.mortgage,available,49.88,49.88,medium,low,7,spaceship,,,30/09/2026 21:39
c5193ca3-00f9-44c9-8183-9e7079a61936,thongs.mortgage,available,65.98,76.98,medium,low,6,namecheap,,,19/09/2026 22:16
caa9de3b-9cd4-40b8-bee5-ea61808fa770,shuttered.mortgage,available,14.99,81.99,medium,low,9,name.com,,,10/09/2026 07:21
0e2cc4dc-27b9-4106-8e19-fc753542cd2b,legibility.mortgage,available,62.99,62.99,high,low,10,namesilo,,,24/09/2026 22:31
ad12ff9a-3109-4de0-9219-358ddba3d268,mughal.mortgage,available,49.88,49.88,medium,low,6,spaceship,,,28/09/2026 21:33
7996f942-fc2e-49fd-8fe1-7bd3ea56ad29,planate.mortgage,available,14.99,81.99,medium,low,7,name.com,,,18/08/2026 06:53
a5639c85-555a-4f4b-9ba1-499d997cc097,chargeman.mortgage,available,62.99,62.99,medium,low,9,namesilo,,,24/09/2026 04:25
42c4cbaa-cae9-4ad9-9b75-c8283db11189,ioc.mortgage,available,49.88,49.88,high,low,3,spaceship,,,28/09/2026 07:36
793010c7-b844-4aea-ae6c-86a55a0c3c8e,peal.mortgage,available,65.98,76.98,medium,low,4,namecheap,,,09/09/2026 18:22
f98426d4-fddb-4c59-9dfb-19032dc6bfa9,okra.mortgage,available,62.99,62.99,high,low,4,namesilo,,,16/09/2026 15:04
1370ac26-d2ce-42bb-a3dd-5a7608919547,dialectal.mortgage,available,14.99,81.99,medium,low,9,name.com,,,14/08/2026 05:48
5f83c142-719f-4298-b60d-9ec6c83ddab5,sargent.mortgage,available,62.99,62.99,medium,low,7,namesilo,,,27/09/2026 04:36
1db24849-d856-4400-99a1-c5e0a3cc51b3,buggery.mortgage,available,62.99,62.99,medium,low,7,namesilo,,,19/09/2026 01:35
6daa27fb-7fcb-4790-8303-4d346292cf0a,aspirator.mortgage,available,65.98,76.98,medium,low,9,namecheap,,,20/09/2026 15:23
8b859a29-c176-4f19-bc75-b4c73861ee1b,currently.mortgage,available,62.99,62.99,medium,low,9,namesilo,,,28/09/2026 14:29
e31a41bc-f71d-4016-8592-57cb68f4c9cf,touchable.mortgage,available,62.99,62.99,high,low,9,namesilo,,,11/09/2026 07:57
f8dff591-582b-400c-91ed-fc5c188085dd,cutaneal.mortgage,available,14.99,81.99,medium,low,8,name.com,,,13/08/2026 12:57
e4692d05-818b-49c4-ba2b-bf3a428c0eeb,brisant.mortgage,available,14.99,81.99,medium,low,7,name.com,,,11/08/2026 04:27
3dcf5a66-1c84-4437-9b27-9b66a46df430,amplitudes.mortgage,available,62.99,62.99,medium,low,10,namesilo,,,30/09/2026 00:33
ff5c78e4-762c-4ee9-a512-a99b01959ead,parched.mortgage,available,14.99,81.99,medium,low,7,name.com,,,
e7648b5d-6e0d-4bdd-a8ce-e03bc49be18b,distal.mortgage,available,14.99,81.99,medium,low,6,name.com,,,14/08/2026 13:03
2a88c7c0-2099-45bf-a0bf-df2c01f8bc8c,partly.mortgage,available,65.98,76.98,medium,low,6,namecheap,,,15/09/2026 19:01
732a4933-581e-4ff6-b68f-49d6a6aad406,prophet.mortgage,available,62.99,62.99,high,low,7,namesilo,,,28/09/2026 02:52
f8e72eb5-d492-42f8-8bf6-673bcd77b9e1,apneic.mortgage,available,14.99,81.99,medium,low,6,name.com,,,06/08/2026 00:40
4eff3638-e2b6-4c29-8ec1-c0241d1c725a,usb.mortgage,available,62.99,62.99,high,low,3,namesilo,,,28/09/2026 03:21
ea5a2a77-1609-454c-894a-7f80ce3c4c1d,stunning.mortgage,available,62.99,62.99,high,low,8,namesilo,,,22/09/2026 08:34
24ad47b8-85f6-4ac4-a2de-e584d2fee022,glossy.mortgage,available,14.99,81.99,high,low,6,name.com,,,11/08/2026 14:10
1c31f640-92e4-468c-bd70-23a783b85d3e,panda.mortgage,available,8.24,49.95,high,medium,5,porkbun,,,28/09/2026 19:27
1ab328fa-559e-4799-8785-271923e10248,winthrop.mortgage,available,62.99,62.99,high,low,8,namesilo,,,27/09/2026 19:50
e4d078c4-9464-4bda-ba47-c9a4e1395bad,andalusia.mortgage,available,62.99,62.99,high,low,9,namesilo,,,19/09/2026 03:57
e97b0ac9-a1d5-4c65-bee9-82292fe3c714,eve.mortgage,available,62.99,62.99,high,medium,3,namesilo,,,24/09/2026 15:30
bbca9c44-d2e2-4db9-b508-89d01ac64555,suspicion.mortgage,available,62.99,62.99,high,low,9,namesilo,,,24/09/2026 23:14
d25d3892-53b1-4832-bff4-b1684d283888,volvo.mortgage,available,14.99,,high,low,5,name.com,,,
fb6a485d-2e8c-4fc1-9cfb-bb984aa1878b,compatibility.mortgage,available,49.88,49.88,high,low,13,spaceship,,,30/09/2026 06:20
56e9940e-3a8a-4704-846e-01033e665cfe,acousma.mortgage,available,62.99,62.99,medium,low,7,namesilo,,,17/09/2026 02:29
39fc8cc1-f0a4-475a-abcb-d1ed5e710687,pittsfield.mortgage,available,62.99,62.99,medium,low,10,namesilo,,,29/09/2026 07:52
2ba26dce-fe47-4a54-93c4-cf2888697563,mapped.mortgage,available,8.24,51.58,medium,low,6,dynadot,,,30/09/2026 14:20
189ecb22-a4ba-4b52-8f5a-2d4fe992daae,drag.mortgage,available,62.99,62.99,high,low,4,namesilo,,,25/09/2026 22:05
2b80ea10-460f-4230-a1bf-947d32d13bd5,hiking.mortgage,available,49.88,49.88,high,low,6,spaceship,,,29/09/2026 01:18
3abde1c1-14d4-4eaf-bdcc-0cbbd170dd98,mph.mortgage,available,107.99,107.99,high,low,3,godaddy,,,30/09/2026 02:18
604c3b84-7a94-46f5-97b2-36541c9c3e6d,marrow.mortgage,available,62.99,62.99,high,low,6,namesilo,,,14/09/2026 23:46
11a82d95-2349-4497-83c2-25e76bbcf006,controlling.mortgage,available,14.99,,high,low,11,name.com,,,
f571d9e2-3917-414c-9acc-13ecaac1a038,rewrite.mortgage,available,62.99,62.99,high,low,7,namesilo,,,29/09/2026 13:47
39d567c5-074b-4512-a877-2395131f0133,captivity.mortgage,available,65.98,76.98,high,low,9,namecheap,,,29/09/2026 11:51
b5a13fc2-c0d0-4ab1-83ec-70ea4293d3de,inglorious.mortgage,available,14.99,81.99,medium,low,10,name.com,,,21/08/2026 18:25
db793f4b-781c-4573-8422-bebdcdc900bb,anthill.mortgage,available,65.98,76.98,high,low,7,namecheap,,,19/09/2026 13:26
9e1e7642-d98f-4209-9e12-5b20355bfd90,bernadette.mortgage,available,62.99,62.99,medium,low,10,namesilo,,,30/09/2026 05:01
be61097e-030e-4fff-a6a0-7f594732a158,sheik.mortgage,available,14.99,81.99,high,low,5,name.com,,,13/08/2026 17:11
9ad6d741-00c5-45db-a89c-9c19a4c13887,conjugal.mortgage,available,14.99,81.99,medium,low,8,name.com,,,12/08/2026 22:07
f6c752e0-1c4e-4bae-87c9-3eaf3d6f282b,casts.mortgage,available,49.88,49.88,medium,low,5,spaceship,,,01/10/2026 00:30
44a8d961-25ad-4292-8e2c-572838390a83,manageable.mortgage,available,62.99,62.99,high,low,10,namesilo,,,28/09/2026 15:51
fd236990-2d49-4c63-ba43-fd91ba5c6885,frisian.mortgage,available,14.99,81.99,medium,low,7,name.com,,,18/08/2026 15:59
7afb047d-a225-49ec-b335-62c55a42c770,positivity.mortgage,available,62.99,62.99,high,low,10,namesilo,,,17/09/2026 10:30
ceec1aec-2dc0-4637-a151-c7d0bd561b0c,mouthfeel.mortgage,available,14.99,,medium,low,10,name.com,,,
744de4ab-a845-4be3-9aa2-a533c9fd21a2,baobab.mortgage,available,62.99,62.99,medium,low,6,namesilo,,,17/09/2026 06:21
b0db9f2f-2181-47d6-b1d9-faaedc476249,gutenberg.mortgage,available,62.99,62.99,high,low,9,namesilo,,,01/10/2026 02:22
72eeea6a-5645-42ec-a69b-bdaf6b41ab5b,hodgkin.mortgage,available,62.99,62.99,medium,low,7,namesilo,,,18/09/2026 01:43
a7fcb8ed-00cd-4dfd-b8b9-675566ec2fa5,unspent.mortgage,available,62.99,62.99,high,low,7,namesilo,,,12/09/2026 09:36
05a64217-5493-4ebc-b7b1-c6488e7c07d7,veggie.mortgage,available,62.99,62.99,high,low,6,namesilo,,,19/09/2026 06:34
6e944558-6411-40c0-8051-8f8e2025bf73,betatron.mortgage,available,65.98,76.98,medium,low,8,namecheap,,,23/09/2026 11:04
ecf680b8-d2ec-4354-97c1-e1c7496f1d78,eliminated.mortgage,available,49.88,49.88,medium,low,10,spaceship,,,28/09/2026 17:04
bcf067ff-c85f-4fc1-93bc-d01bf2af9ec0,alsace.mortgage,premium,118.8,118.8,high,low,6,namesilo,,,18/09/2026 14:15
64a524d8-0453-4ce6-a6cb-f0586fdd1ccf,linnean.mortgage,available,14.99,81.99,medium,low,7,name.com,,,23/08/2026 17:24
dfe175b1-3794-4b3c-93ba-7231dabd0d86,unbound.mortgage,available,62.99,62.99,high,low,7,namesilo,,,12/09/2026 02:25
0ae23b54-d367-41ea-86dd-6f54d30622c1,flooded.mortgage,available,14.99,81.99,high,low,7,name.com,,,08/08/2026 00:23
1d85c659-862a-4395-b4bf-dc5f1a406ceb,isd.mortgage,available,65.98,76.98,high,low,3,namecheap,,,30/09/2026 15:03
589ca721-2edf-4e25-b9d9-7482decb5470,bird.mortgage,available,8.24,51.58,high,medium,4,dynadot,,,29/09/2026 02:46
86e45e08-7aba-4785-aae4-84b4edd92613,drove.mortgage,available,62.99,62.99,high,low,5,namesilo,,,25/09/2026 22:29
12fe9b27-7ecc-4f6e-a7a5-7d4bdc1d0ae0,tricked.mortgage,available,49.88,49.88,medium,low,7,spaceship,,,29/09/2026 23:35
e6df3b8b-dcb1-4659-8ad1-50319199226b,aigret.mortgage,available,65.98,76.98,medium,low,6,namecheap,,,17/09/2026 20:56
f9dc408d-6a74-49bf-b793-8100acd77b50,anwar.mortgage,available,48.2,48.2,medium,low,5,cloudflare,,,29/09/2026 09:45
49762776-1847-4e9f-9a73-d664b944f3f7,earle.mortgage,available,62.99,62.99,medium,low,5,namesilo,,,26/09/2026 03:17
839a47e4-4fee-4383-b351-41d835e8c484,dollar.mortgage,available,49.88,49.88,high,low,6,spaceship,,,29/09/2026 16:27
69b54a24-6fe3-48d3-820f-1736e5c0d81b,belongs.mortgage,available,65.98,76.98,medium,low,7,namecheap,,,25/09/2026 20:38
0dc842cc-68e7-4448-81d9-30c84a95fc83,cactus.mortgage,available,65.98,76.98,high,low,6,namecheap,,,24/09/2026 11:36
25498111-7082-451d-bc60-8405bfc8d289,awarded.mortgage,available,62.99,62.99,medium,low,7,namesilo,,,29/09/2026 05:30
bb9baecb-1246-4ce4-a498-5d846adc51f6,wholly.mortgage,available,14.99,81.99,high,low,6,name.com,,,
1e42e740-afc7-4ebb-b0bd-dd324b8876fd,granite.mortgage,premium,102.67,102.67,high,low,7,spaceship,,,28/09/2026 19:22
9e373ab1-043e-446d-98de-2af844c1c8ee,judging.mortgage,available,62.99,62.99,high,low,7,namesilo,,,27/09/2026 14:29
8cb16b31-3e5b-4a94-be4e-c33019c65db1,accordant.mortgage,available,14.99,81.99,high,low,9,name.com,,,
fb6e0e20-dfe8-47bf-97c4-56e6596949ad,mainz.mortgage,premium,242,242,high,low,5,namesilo,,,28/09/2026 03:51
10c70daa-5eb4-4ee5-9755-f344363b28b3,oceangoing.mortgage,available,62.99,62.99,medium,low,10,namesilo,,,04/09/2026 00:20
ab04e670-617b-4b3f-8fd5-b57d6910bbe0,germanic.mortgage,available,14.99,81.99,high,low,8,name.com,,,18/08/2026 22:46
a5615d5b-5a7e-4924-93bc-27bd468acc3d,tex.mortgage,premium,118.8,118.8,medium,low,3,namesilo,,,29/09/2026 03:26
819217f7-03fd-4fc8-82ce-de02b1e3cd1b,aching.mortgage,available,14.99,81.99,medium,low,6,name.com,,,
2fc57a46-073b-44c6-ae95-4f7be34ddbb6,unpressed.mortgage,available,62.99,62.99,low,low,9,namesilo,,,12/09/2026 17:24
6178d63f-d5df-46a4-8e7f-5fae0990a592,bethune.mortgage,available,62.99,62.99,medium,low,7,namesilo,,,23/09/2026 11:17
5ce099d7-499d-4aa3-80ef-570566f9c821,christoph.mortgage,available,8.24,49.95,medium,low,9,porkbun,,,28/09/2026 12:39
94564cc8-1197-4e1e-9f1a-5378df486493,precipitous.mortgage,available,14.99,,medium,low,11,name.com,,,
ced51cc3-06f8-4549-a7e5-fc416313ed29,endurance.mortgage,available,8.24,49.95,high,low,9,porkbun,,,29/09/2026 18:12
c3933193-db02-411e-8fdc-d482aaa00d0c,flagging.mortgage,available,14.99,81.99,medium,low,8,name.com,,,14/08/2026 19:41
574aea29-09ca-47d9-ae8f-95a19d991d97,boxlike.mortgage,available,14.99,81.99,medium,low,7,name.com,,,10/08/2026 23:56
146b1585-51d9-4226-9ccd-cede68e8aff1,skewed.mortgage,available,62.99,62.99,medium,low,6,namesilo,,,10/09/2026 09:28
97b90114-58df-4ed7-bed9-ac07ef9ab7ad,foote.mortgage,available,65.98,76.98,medium,low,5,namecheap,,,28/09/2026 08:03
f66edfeb-a2a3-43aa-8a4a-f75f58172d5e,bayberry.mortgage,available,62.99,62.99,medium,low,8,namesilo,,,22/09/2026 17:18
525bb6f8-3ad3-45d7-93c5-335b0e82f22c,adkins.mortgage,available,49.88,49.88,medium,low,6,spaceship,,,29/09/2026 23:23
6820b980-2709-4eb6-a1b9-a37bca2a3eab,brass.mortgage,available,8.24,51.58,high,low,5,dynadot,,,29/09/2026 03:59
739ff77d-3a62-4202-abb3-5486612e5b7c,immanent.mortgage,available,14.99,81.99,medium,low,8,name.com,,,21/08/2026 20:50
ead1e348-d6ce-4018-81f8-72839f5bae30,spotify.mortgage,available,,,high,high,7,,,,
f009abf0-641f-47bb-9d03-8f828ee722c0,intimidation.mortgage,available,49.88,49.88,medium,low,12,spaceship,,,30/09/2026 06:21
437443f9-abd5-451b-8200-5030752098d3,fleetly.mortgage,available,65.98,76.98,medium,low,7,namecheap,,,14/09/2026 18:56
1a2b26b7-df78-4e42-a614-2dc5df84a20c,deportation.mortgage,available,62.99,62.99,medium,low,11,namesilo,,,29/09/2026 23:26
328b82c4-a7c5-42dd-8820-fdfe5eaddeff,pride.mortgage,available,49.88,49.88,high,low,5,spaceship,,,30/09/2026 07:21
3a106276-9bce-4fe2-b4c5-4b41015c48d3,intuition.mortgage,available,48.2,48.2,high,low,9,cloudflare,,,28/09/2026 19:28
31b2b15b-665f-4df2-afaf-2b940de060db,browbeat.mortgage,available,14.99,81.99,medium,low,8,name.com,,,11/08/2026 08:53
dc98bc63-84e6-4c58-b692-8ce722005ffd,eureka.mortgage,available,62.99,62.99,high,medium,6,namesilo,,,24/09/2026 17:33
2904dafd-1659-4662-9756-6b2c3bde69ea,manila.mortgage,available,49.88,49.88,high,low,6,spaceship,,,29/09/2026 07:06
60b5cab3-7e72-4ef8-a669-03dc4aa2f6d8,blae.mortgage,available,14.99,81.99,medium,low,4,name.com,,,10/08/2026 12:24
5ca056b6-95d2-4613-a6f8-c19f71c3f84a,part.mortgage,available,65.98,76.98,high,low,4,namecheap,,,15/09/2026 19:03
4d9b5ab8-9ee1-4914-b39c-8cbc15da59f0,piano.mortgage,available,62.99,62.99,high,low,5,namesilo,,,27/09/2026 03:41
4913e61b-c160-40f0-83a7-5b6248121aa6,antilog.mortgage,available,62.99,62.99,medium,low,7,namesilo,,,19/09/2026 14:38
3b21ef2c-c25c-4576-9141-f3c0004e6b42,unsuccessful.mortgage,available,8.24,51.58,medium,low,12,dynadot,,,29/09/2026 21:15
eb498ec0-58a4-4276-8160-ec633fe607f7,bottomless.mortgage,available,14.99,81.99,high,low,10,name.com,,,10/08/2026 21:21
d960d31c-7629-4e56-8676-9f1310e34de9,star.mortgage,premium,128.7,128.7,high,medium,4,namecheap,,,21/09/2026 17:48
261f161a-45f8-4186-9aa6-5896f80f6450,scienter.mortgage,available,62.99,62.99,medium,low,8,namesilo,,,16/09/2026 00:44
dbf07ed8-77ae-46b5-be86-8c4b63cfbe60,battles.mortgage,available,49.88,49.88,low,low,7,spaceship,,,28/09/2026 08:54
898fba4b-6d48-4580-a3c0-dbb8cf21aea6,little.mortgage,premium,512,512,high,low,6,namesilo,,,24/09/2026 17:48
8329d641-b5a5-4be5-a6f7-f33c6370d6ce,pretzel.mortgage,available,62.99,62.99,high,low,7,namesilo,,,30/09/2026 07:15
b31563b7-61bd-4417-b922-b3dd5e58a3e5,unassured.mortgage,available,62.99,62.99,medium,low,9,namesilo,,,12/09/2026 01:14
da948216-1637-42ce-885d-fe854a991e5d,raconteur.mortgage,available,62.99,62.99,high,low,9,namesilo,,,19/09/2026 05:14
bbe11c0e-09ef-4ad0-a0e2-64e3515efe9e,receives.mortgage,available,62.99,62.99,medium,low,8,namesilo,,,18/09/2026 17:46
6b6de1a3-f4ac-4368-984d-eeeaaf2d3dd3,fern.mortgage,available,62.99,62.99,high,low,4,namesilo,,,29/09/2026 00:53
3bc0c0ac-f8dc-4725-bcb6-de2ea6db8894,laden.mortgage,available,14.99,81.99,medium,low,5,name.com,,,22/08/2026 18:30
250db045-9e8d-4b2c-8fe4-d5c434bf7391,monophonic.mortgage,available,14.99,81.99,medium,low,10,name.com,,,25/08/2026 04:55
ebccd2ae-2bd0-4c8b-98fb-c325b3c9f47f,vestal.mortgage,available,62.99,62.99,medium,low,6,namesilo,,,13/09/2026 04:47
0a4d6984-87e4-4577-8ea7-95fba2ee5068,basic.mortgage,premium,520,520,high,low,5,namecheap,,,22/09/2026 17:57
2f33b245-7cf0-40d7-8e67-5a3bfc8f4486,accra.mortgage,available,62.99,62.99,high,low,5,namesilo,,,16/09/2026 23:13
cf5f3dca-5515-4b7f-9214-009fd329f1e4,sonsie.mortgage,available,14.99,81.99,medium,low,6,name.com,,,10/08/2026 20:34
b266c068-4cd1-4ee2-9de5-d639f091dce8,batna.mortgage,available,65.98,76.98,medium,low,5,namecheap,,,22/09/2026 14:06
7b5ecd58-aa98-4a84-91f0-966cbda29821,begetter.mortgage,available,62.99,62.99,medium,low,8,namesilo,,,23/09/2026 02:08
2db7e00b-d568-46fb-b17c-23a11ab1dfde,childish.mortgage,available,14.99,81.99,high,low,8,name.com,,,12/08/2026 05:02
71b28ee7-ee77-421a-a7b3-ea0223eb4372,outdoorsy.mortgage,available,65.98,76.98,high,low,9,namecheap,,,04/09/2026 19:14
9c06a663-9193-4dde-a8be-dd99adbb39ab,behavioral.mortgage,available,14.99,81.99,medium,low,10,name.com,,,09/08/2026 10:16
ade8cdc0-494e-4c4d-a609-54570cc3018b,shouting.mortgage,available,14.99,81.99,medium,low,8,name.com,,,12/08/2026 03:49
b2ba6412-fb43-4bff-a043-b5094f803642,tiffany.mortgage,available,107.99,107.99,high,low,7,godaddy,,,30/09/2026 02:10
a782f37b-4078-4f54-8864-8f4077b3483c,battered.mortgage,available,65.98,76.98,medium,low,8,namecheap,,,22/09/2026 18:12
2923feb5-7805-4b54-927c-7d852b27eaa1,headache.mortgage,available,62.99,62.99,high,low,8,namesilo,,,24/09/2026 13:37
9edad0de-314b-4b69-9bea-959fe09fd133,unshapen.mortgage,available,62.99,62.99,medium,low,8,namesilo,,,12/09/2026 19:33
df9a89e0-21fe-49d9-99ef-ec308d8e28ce,rfc.mortgage,available,62.99,62.99,high,low,3,namesilo,,,27/09/2026 06:31
e2182f81-e61b-4caf-bf3a-c3855e4eb6a9,principal.mortgage,premium,3450,3450,high,low,9,namesilo,,,27/09/2026 05:53
451d6a17-45c2-4980-b150-d4e9bd7730cf,psycho.mortgage,available,62.99,62.99,high,low,6,namesilo,,,27/09/2026 07:59
e735d85a-e35a-47c1-8a38-6683d6ac2bc0,verdict.mortgage,available,65.98,76.98,high,low,7,namecheap,,,27/09/2026 03:56
2bf47ab6-6b38-4f09-8140-167d96676182,supermarket.mortgage,available,14.99,,high,low,11,name.com,,,
3d34655b-ec98-4867-9ac1-47389a434b5c,darius.mortgage,available,65.98,76.98,medium,low,6,namecheap,,,27/09/2026 07:28
2d6c37c6-1f7f-4bc0-a993-18b8f06b56ef,partners.mortgage,premium,3125,,high,low,8,name.com,,,
b181a19e-5b49-4b89-bc66-ed9ca707c9e8,irritable.mortgage,available,65.98,76.98,medium,low,9,namecheap,,,25/09/2026 11:30
1ea52b25-4e00-4788-80b8-33b507b3701e,shrinking.mortgage,available,49.88,49.88,medium,low,9,spaceship,,,29/09/2026 13:58
be58f4ca-d8b8-4517-bdf6-1085c89e32fb,alvine.mortgage,available,14.99,81.99,medium,low,6,name.com,,,
485dbec6-047a-47ad-a76f-23abb9c67723,pierce.mortgage,available,65.98,76.98,high,low,6,namecheap,,,27/09/2026 13:38
790e4442-19e3-441b-9ca6-09c314faa6e7,mcintosh.mortgage,available,62.99,62.99,high,low,8,namesilo,,,27/09/2026 04:44
1c71ab9e-0b10-4916-908b-ac952993de89,utilised.mortgage,available,62.99,62.99,medium,low,8,namesilo,,,13/09/2026 00:07
40d1aaaf-ecd0-4845-a19a-bdf0bd7b9968,contrabass.mortgage,available,14.99,81.99,medium,low,10,name.com,,,12/08/2026 23:28
73744da4-b254-458a-bacf-c3db526fdffc,vivaldi.mortgage,available,62.99,62.99,medium,low,7,namesilo,,,19/09/2026 15:40
80137edb-ea2d-4d37-ac38-fcc0245f59d9,lig.mortgage,available,49.88,49.88,high,low,3,spaceship,,,30/09/2026 19:16
d67f0a2f-f08b-4afa-a876-2ec3a6bce030,bracket.mortgage,available,62.99,62.99,high,low,7,namesilo,,,19/09/2026 06:22
2afc956a-e949-44f4-bb2f-220dc2cab646,commandment.mortgage,available,48.2,48.2,high,low,11,cloudflare,,,30/09/2026 19:53
34fb8b92-5831-46ef-b07f-e394a80a64c6,runproof.mortgage,available,14.99,81.99,medium,low,8,name.com,,,22/08/2026 18:28
9e05442a-f6f0-496a-bbf4-644fa0cb102a,senegalese.mortgage,available,62.99,62.99,medium,low,10,namesilo,,,10/09/2026 03:43
1b700cf4-c863-4744-bcce-005594e846fd,admired.mortgage,available,65.98,76.98,high,low,7,namecheap,,,21/09/2026 18:53
a55b574b-8c29-4569-a884-a7e7e29b220a,chilean.mortgage,available,14.99,81.99,high,low,7,name.com,,,12/08/2026 05:15
690cf2d9-d6aa-4325-be66-bb5cbbde104c,corinthian.mortgage,available,14.99,81.99,high,low,10,name.com,,,13/08/2026 01:16
8ed5c538-c9b5-42e8-a7c1-a440f32f1fda,defiled.mortgage,available,14.99,81.99,medium,low,7,name.com,,,13/08/2026 23:24
b1b03db0-5848-42c2-9d49-53d1999669a9,inflowing.mortgage,available,14.99,81.99,high,low,9,name.com,,,22/08/2026 04:34
1928c6f3-22a8-424a-bf5a-d41a60befa1d,accretion.mortgage,available,62.99,62.99,high,low,9,namesilo,,,16/09/2026 23:14
f3049211-1118-436f-911c-f189011dc5a9,mindful.mortgage,available,14.99,81.99,high,low,7,name.com,,,24/08/2026 23:36
59b02938-cfc0-4c80-a6bd-6beed4fc7b0e,rifles.mortgage,available,8.24,49.95,low,low,6,porkbun,,,28/09/2026 08:46
04303b20-f76b-4f9e-a6a5-f02d02f6c567,rico.mortgage,available,62.99,62.99,high,low,4,namesilo,,,19/09/2026 14:11
ef7502b1-b4b6-42da-911a-81adf7d747c6,nobel.mortgage,available,62.99,62.99,high,low,5,namesilo,,,18/09/2026 06:24
2190b06a-d0db-4d45-9488-f9658523eaba,additions.mortgage,available,62.99,62.99,medium,low,9,namesilo,,,18/09/2026 16:32
d2f6d7f8-712c-4dfd-8c7d-6c1421dc9b76,ornaments.mortgage,available,49.88,49.88,medium,low,9,spaceship,,,30/09/2026 13:57
c1884d95-38c1-4cc5-bbcd-398276f98d7c,behaviours.mortgage,available,65.98,76.98,medium,low,10,namecheap,,,20/09/2026 22:06
c7429a7a-e8a1-436c-9cc8-f46ea60b1fa5,phoebe.mortgage,available,14.99,81.99,medium,low,6,name.com,,,
55e2b452-9461-4d05-ba61-10fd5b7feb5c,irritating.mortgage,available,14.99,81.99,medium,low,10,name.com,,,
dfe06c5a-7dfd-4eb2-9a82-42f904966516,empyreal.mortgage,available,14.99,81.99,medium,low,8,name.com,,,16/08/2026 20:53
a30dcc0c-d700-4f0e-9fd9-00c5e361a6e3,soule.mortgage,available,48.2,48.2,medium,low,5,cloudflare,,,30/09/2026 20:15
44d4596a-ec04-4848-bcce-75912861cb0b,nonpublic.mortgage,available,65.98,76.98,medium,low,9,namecheap,,,03/09/2026 20:20
610d42ed-3bde-4862-9370-661c46e515a1,prison.mortgage,available,48.2,48.2,high,low,6,cloudflare,,,30/09/2026 07:26
0cea30ad-cd26-45a4-a83d-7352f1fe6916,paraffin.mortgage,available,62.99,62.99,high,low,8,namesilo,,,18/09/2026 08:24
4b2aec7b-ade9-4a41-87d2-3a9124a98d1a,clxxv.mortgage,available,14.99,81.99,medium,low,5,name.com,,,
3ab02a5f-b8e1-4fa7-8409-206ff294ec45,monument.mortgage,premium,118.8,118.8,high,low,8,namesilo,,,28/09/2026 14:54
01b82366-e19b-4d0d-97b3-bacbc348eb73,habit.mortgage,available,62.99,62.99,high,low,5,namesilo,,,25/09/2026 05:00
e43a8976-5d75-4575-aa03-08b9c55098dd,went.mortgage,available,62.99,62.99,high,low,4,namesilo,,,30/09/2026 22:44
d66d4793-174d-45bb-8282-b9328424a2f3,pukka.mortgage,available,14.99,81.99,medium,low,5,name.com,,,09/09/2026 05:24
5f1a2775-2c53-478b-beea-20f2ca9f0975,dimensional.mortgage,available,8.24,49.95,high,low,11,porkbun,,,30/09/2026 03:41
2b73d66a-5bea-4c37-a087-54f286451d20,stimulation.mortgage,available,49.88,49.88,high,low,11,spaceship,,,29/09/2026 04:53
bbd934f9-a7ec-4c59-9773-59fcea4491ea,spick.mortgage,available,14.99,81.99,medium,low,5,name.com,,,21/08/2026 20:46
097a66c9-e7c8-4941-8713-f07eaaf4a51e,untangled.mortgage,available,65.98,76.98,medium,low,9,namecheap,,,12/09/2026 20:57
5a6668e4-ddec-4399-998e-ecf517745652,forthright.mortgage,available,14.99,81.99,high,low,10,name.com,,,11/08/2026 16:42
ae24f2cf-70d8-4488-8d68-0b827e922f63,behavior.mortgage,available,65.98,76.98,high,low,8,namecheap,,,23/09/2026 03:06
79a3c634-e564-4524-a734-073e9a71912d,paulina.mortgage,available,8.24,49.95,high,low,7,porkbun,,,30/09/2026 20:13
2ccb84ab-5931-49fc-88b3-3a7eddd9d1c9,sayonara.mortgage,available,62.99,62.99,high,low,8,namesilo,,,17/09/2026 08:15
cde9fea1-bd28-480b-b7c6-4b89c60171ec,therefore.mortgage,available,62.99,62.99,medium,low,9,namesilo,,,28/09/2026 15:07
1d44a2a2-f9ce-4bf1-89c2-513753c0fcd6,credence.mortgage,available,62.99,62.99,high,low,8,namesilo,,,16/09/2026 21:59
67dd9a30-4931-435f-9735-4a236f9bbb5a,engorge.mortgage,available,65.98,76.98,medium,low,7,namecheap,,,23/09/2026 17:25
e4f281fb-b5c4-4e64-b236-bfc44ff6ffa1,cause.mortgage,available,65.98,76.98,high,low,5,namecheap,,,24/09/2026 13:11
ac2198ea-2a7e-430d-bc4f-f10ad7f58c8e,jogging.mortgage,available,62.99,62.99,high,low,7,namesilo,,,30/09/2026 02:05
9c3cd634-8237-457d-9ec6-a5778d3bd790,jeremy.mortgage,available,62.99,62.99,high,low,6,namesilo,,,27/09/2026 10:46
a0e15723-d444-41ab-9abb-6fc7fd6ac98d,whiteside.mortgage,available,49.88,49.88,medium,low,9,spaceship,,,30/09/2026 20:26
7ddb3890-7c52-4189-a61b-9eba0546eee6,typhoon.mortgage,available,8.24,51.58,high,low,7,dynadot,,,29/09/2026 14:05
ddfa06d8-b126-4335-8e30-9c183828623c,curve.mortgage,available,14.99,81.99,high,low,5,name.com,,,06/08/2026 15:00
d5ba8cee-4d61-44e5-abfa-365db1ab5c9f,franks.mortgage,available,14.99,,high,low,6,name.com,,,
e48725ff-c2d0-4118-9e75-c2c45b467af7,dispose.mortgage,available,62.99,62.99,high,low,7,namesilo,,,29/09/2026 15:24
9e44405f-b24b-410e-8277-0beed33de1a5,wal.mortgage,available,48.2,48.2,high,low,3,cloudflare,,,29/09/2026 23:46
bbd00c0c-fdb7-4de9-b2d6-100b4ccfd408,moor.mortgage,available,49.88,49.88,high,low,4,spaceship,,,01/10/2026 03:02
20e9d9ec-f289-4146-92f3-0bd179a3d9a3,content.mortgage,available,8.24,49.95,high,medium,7,porkbun,,,30/09/2026 05:56
acddf263-9256-4496-98d4-3ee80e1cf1ff,royce.mortgage,available,48.2,48.2,high,low,5,cloudflare,,,28/09/2026 04:09
794ca334-ce72-4ae2-9e23-3029b06ce770,comose.mortgage,available,14.99,81.99,low,low,6,name.com,,,12/08/2026 18:22
124d7dcf-a701-48df-ac37-20381fc40c01,cognizance.mortgage,available,62.99,62.99,high,low,10,namesilo,,,21/09/2026 09:59
52a29ce2-358a-4dfb-bb40-4df5d6316b50,conquering.mortgage,available,62.99,62.99,high,low,10,namesilo,,,24/09/2026 17:24
4aea9ec9-9d9f-43f4-8de4-ac6ce46ea3b7,plosive.mortgage,available,62.99,62.99,medium,low,7,namesilo,,,04/09/2026 00:16
fa1f54cf-b936-4c52-8d53-2862fc91e9a8,throttle.mortgage,available,62.99,62.99,high,low,8,namesilo,,,16/09/2026 21:47
e63e5704-904c-487e-be2c-b2775fbafaec,promoting.mortgage,available,49.88,49.88,medium,low,9,spaceship,,,29/09/2026 10:15
a1e8cf3c-1ab5-40fb-8f48-33a8527bc2fc,oil.mortgage,premium,118.8,118.8,high,low,3,namesilo,,,24/09/2026 02:16
397a6d3c-adb7-405c-880c-3a56547f6e0c,cherimoya.mortgage,available,65.98,76.98,medium,low,9,namecheap,,,19/09/2026 10:32
a1f26d9e-fbd9-4dde-babe-cb80b9c07a44,lingo.mortgage,available,62.99,62.99,medium,low,5,namesilo,,,13/09/2026 04:12
36ebaf7b-1c9c-4369-8c66-37f0157b4345,greenly.mortgage,available,62.99,62.99,medium,low,7,namesilo,,,14/09/2026 22:19
e3a2b3e7-465a-4d2d-972b-a3591d2516df,actinide.mortgage,available,14.99,81.99,medium,low,8,name.com,,,
51a33252-5b24-4ee7-8cb2-7be71b06bacd,tortrix.mortgage,available,62.99,62.99,medium,low,7,namesilo,,,20/09/2026 05:04
4e37ec13-4814-4485-b2a2-70c5eb8bfc36,catechu.mortgage,available,65.98,76.98,medium,low,7,namecheap,,,16/09/2026 20:04
16948341-2778-4f0f-8ff9-4dbbfd8312c4,darlene.mortgage,available,49.88,49.88,high,low,7,spaceship,,,30/09/2026 21:02
e0c93705-c7f9-4edb-b9f0-bcf6a8fd238e,mesmeric.mortgage,available,14.99,81.99,medium,low,8,name.com,,,24/08/2026 21:13
783e8a31-9d4f-4af4-a1bb-176370c408d3,dumped.mortgage,available,62.99,62.99,low,low,6,namesilo,,,27/09/2026 03:17
aa38cc7f-ca54-4f54-a19c-c40af025bc12,avulsion.mortgage,available,65.98,76.98,medium,low,8,namecheap,,,21/09/2026 09:54
5c5e247d-ff9e-4d46-8454-925162e32f76,dangers.mortgage,available,62.99,62.99,medium,low,7,namesilo,,,18/09/2026 04:42
4aed9430-a6ef-4052-9f3a-478c95190089,tai.mortgage,available,14.99,81.99,high,low,3,name.com,,,10/09/2026 07:25
da376bc7-58da-4698-a80a-cc8487d10da5,alnus.mortgage,available,62.99,62.99,medium,low,5,namesilo,,,18/09/2026 12:53
25d896ee-ebb7-4112-97fd-89431a06ce24,gamba.mortgage,available,62.99,62.99,medium,low,5,namesilo,,,22/09/2026 11:54
6b1024e5-22f2-42d9-996f-7862672e28cc,sing.mortgage,available,49.88,49.88,high,low,4,spaceship,,,30/09/2026 06:34
cc5c63bf-07c7-48dc-a8e5-309978568d18,cochran.mortgage,available,49.88,49.88,medium,low,7,spaceship,,,27/09/2026 12:38
b45dcd90-3aee-4a7d-b2d7-dea477b19eaa,bankrupt.mortgage,premium,242,242,medium,low,8,namesilo,,,08/08/2026 13:29
d93ec22f-a46f-4f78-8b86-59d09d2a40e8,expendable.mortgage,available,14.99,81.99,high,low,10,name.com,,,17/08/2026 18:08
d490b934-3f2a-44e0-9504-80ae0c0ce04c,controversial.mortgage,available,62.99,62.99,medium,low,13,namesilo,,,01/10/2026 04:00
071e67b6-2b41-498d-8231-1ea08bc20b5d,anile.mortgage,available,14.99,81.99,medium,low,5,name.com,,,
3f38eb59-1d4a-455b-962e-5feb656470d8,mountains.mortgage,available,14.99,81.99,medium,low,9,name.com,,,17/09/2026 17:48
ee79cb28-9ace-4b94-8365-37b27c1d2ee2,possibly.mortgage,available,62.99,62.99,medium,low,8,namesilo,,,28/09/2026 16:14
f9ec883a-a730-483d-87df-58804d5203fc,towed.mortgage,available,14.99,,medium,low,5,name.com,,,
31f354b0-9d14-49f9-8a56-8bf1b745c3d0,floodlit.mortgage,available,14.99,81.99,medium,low,8,name.com,,,18/08/2026 08:47
1e2c80d0-36af-4932-8a2e-c552196a858d,stationary.mortgage,available,65.98,76.98,high,low,10,namecheap,,,10/09/2026 19:12
3f1f8092-537b-48fd-9ca3-0fe26702e5c0,suspension.mortgage,available,62.99,62.99,high,low,10,namesilo,,,28/09/2026 16:59
54815eb0-3297-4679-93db-06732fe80607,knees.mortgage,available,14.99,81.99,medium,low,5,name.com,,,17/09/2026 07:20
70b41a28-09c1-4501-93ad-41cb1b0db07d,digitizer.mortgage,available,62.99,62.99,high,low,9,namesilo,,,19/09/2026 01:49
570d5c52-b340-4ee5-8842-a34903212bc3,bittie.mortgage,available,14.99,81.99,medium,low,6,name.com,,,10/08/2026 07:56
ed4ca56e-c66c-4057-9259-47819d71f0be,stalked.mortgage,available,62.99,62.99,medium,low,7,namesilo,,,08/09/2026 13:33
97b3561b-74a3-41f2-af7e-2a86045d5bc5,bellamy.mortgage,available,65.98,76.98,medium,low,7,namecheap,,,28/09/2026 12:15
c8ddbae5-1496-4c27-9afc-6f204e6afded,acarpelous.mortgage,available,14.99,81.99,medium,low,10,name.com,,,
ffa04d14-8e77-4aa4-b2bb-824346ce0e52,scaled.mortgage,available,62.99,62.99,high,low,6,namesilo,,,09/09/2026 22:20
9f054552-d2dd-4e52-a24c-a81360cab7e8,nimitz.mortgage,available,62.99,62.99,medium,low,6,namesilo,,,17/09/2026 08:52
f46d3e00-401f-4450-ac1a-d319679d3fd0,billions.mortgage,available,62.99,62.99,medium,low,8,namesilo,,,29/09/2026 06:04
46b8daed-d2f1-4832-931b-212ebd80ecf7,big.mortgage,premium,520,520,high,medium,3,namecheap,,,28/09/2026 20:07
101c17c7-8524-439e-851d-053e5cfdda9a,bailiwick.mortgage,available,14.99,81.99,medium,low,9,name.com,,,21/09/2026 19:08
c921a1ae-145c-4874-965a-f7d9a8bfbe25,punching.mortgage,available,48.2,48.2,medium,low,8,cloudflare,,,29/09/2026 00:06
573a77ba-aeb6-4976-a311-641f217b3c16,sluttish.mortgage,available,14.99,81.99,medium,low,8,name.com,,,10/08/2026 15:45
c5508702-3a9c-4a84-96a2-6610fc5166bd,sec.mortgage,available,62.99,62.99,high,low,3,namesilo,,,27/09/2026 19:20
b937dff8-c05b-4c49-b33a-bfbe1213b30b,leftover.mortgage,available,14.99,81.99,high,low,8,name.com,,,22/08/2026 22:41
0286d870-60d9-4163-afe6-e247741a2efc,ablaze.mortgage,available,14.99,81.99,high,low,6,name.com,,,
aa2eb58a-30a2-4b35-929a-d02457e64d53,clump.mortgage,available,62.99,62.99,high,low,5,namesilo,,,11/09/2026 15:08
ae33990c-3105-4a55-b197-d479f60e413a,ingredients.mortgage,available,14.99,,medium,low,11,name.com,,,
069c57cc-0e46-4756-a752-1e90cd2315da,ripping.mortgage,available,62.99,62.99,high,low,7,namesilo,,,09/09/2026 13:59
6584d5d8-fa6f-4232-987f-b6bbaf327247,babyhood.mortgage,available,62.99,62.99,high,low,8,namesilo,,,21/09/2026 13:48
293d7649-eb40-4d48-8ef1-615f4d51ff6f,disunite.mortgage,available,14.99,81.99,medium,low,8,name.com,,,14/08/2026 11:14
de33789f-0d90-4073-ad7a-ae931bdb1719,adduct.mortgage,available,62.99,62.99,medium,low,6,namesilo,,,17/09/2026 07:09
44690e2c-2180-48a2-a096-561fa0dea75a,authenticity.mortgage,available,62.99,62.99,high,low,12,namesilo,,,29/09/2026 23:07
68beb26e-e89b-4ac5-9601-6b4355d653a8,environment.mortgage,available,62.99,62.99,high,low,11,namesilo,,,30/09/2026 15:50
6935ad40-2521-42c8-9a59-870afa6a5c09,neglected.mortgage,available,14.99,81.99,medium,low,9,name.com,,,21/08/2026 18:36
70057b88-d6fd-49a8-97d2-508b3111b0a3,janice.mortgage,available,62.99,62.99,high,low,6,namesilo,,,27/09/2026 19:53
9c736c43-4905-4259-9397-6dcf597291e6,yuma.mortgage,premium,207.2,207.2,high,low,4,spaceship,,,28/09/2026 11:07
6758ba2e-fe48-4c40-ac23-bf1064af68d5,geometry.mortgage,available,49.88,49.88,high,low,8,spaceship,,,29/09/2026 20:49
b00531f0-ded8-4be6-8e35-d7c2ebdc3e50,sponsored.mortgage,available,62.99,62.99,medium,low,9,namesilo,,,29/09/2026 10:41
0434ffd0-ab65-49dd-889e-2b43e0a33f48,attacking.mortgage,available,8.24,51.58,medium,low,9,dynadot,,,27/09/2026 23:17
ae5877e5-0d48-483c-bf99-534d3c3a4e02,ashe.mortgage,available,62.99,62.99,high,low,4,namesilo,,,20/09/2026 10:46
8ef07286-bb2b-4891-96ba-80aba20b8d63,middleton.mortgage,available,62.99,62.99,high,low,9,namesilo,,,25/09/2026 09:23
d959eaa7-9de1-407f-9aff-b0eca547e709,dryden.mortgage,available,49.88,49.88,medium,low,6,spaceship,,,28/09/2026 05:32
79a22bb4-ec17-4504-8dae-18e8d7edfb46,definitive.mortgage,available,14.99,81.99,high,low,10,name.com,,,12/08/2026 09:45
63c580b1-5318-448a-912d-c02509a6d751,romance.mortgage,available,62.99,62.99,high,low,7,namesilo,,,27/09/2026 15:59
87728208-adfd-488b-90e0-4dbba00c0f0d,agendum.mortgage,available,62.99,62.99,medium,low,7,namesilo,,,17/09/2026 17:05
6b8e600b-379e-43e9-86de-c6794820fa14,streaked.mortgage,available,62.99,62.99,medium,low,8,namesilo,,,10/09/2026 22:16
d4d9a8ca-1c70-4c44-8a24-3cb11075178e,biol.mortgage,available,48.2,48.2,high,low,4,cloudflare,,,29/09/2026 16:48
a1d5a03a-dcda-4840-8bde-e3b179f207d6,badges.mortgage,available,62.99,62.99,medium,low,6,namesilo,,,29/09/2026 17:33
0e0f09c2-0a85-4d7c-9542-37ff09b35eaf,lentils.mortgage,available,62.99,62.99,medium,low,7,namesilo,,,21/09/2026 05:31
e3d7e142-c8d2-49c1-bc3e-2c7e9b34e9ca,solitude.mortgage,available,62.99,62.99,high,low,8,namesilo,,,29/09/2026 07:54
3c2fbd4d-8cb5-4953-a9ae-d6f76c90579f,unsworn.mortgage,available,65.98,76.98,medium,low,7,namecheap,,,12/09/2026 20:53
aaaea296-2766-4e1e-974b-2d6fb747f28f,bankia.mortgage,available,65.98,76.98,medium,low,6,namecheap,,,22/09/2026 02:48
f92a6c6c-6a22-48ae-a992-55745f4ffe6f,fitly.mortgage,available,62.99,62.99,medium,low,5,namesilo,,,13/09/2026 20:33
3d73a3cd-ae91-45a5-b8d2-364daeffaeec,saleswoman.mortgage,available,49.88,49.88,medium,low,10,spaceship,,,30/09/2026 02:34
3de83962-28e9-4af0-a8cc-55387a6f82a5,drippage.mortgage,available,62.99,62.99,medium,low,8,namesilo,,,14/09/2026 14:34
101790e0-daca-40fc-883b-9b260dc09eeb,minutely.mortgage,available,62.99,62.99,medium,low,8,namesilo,,,15/09/2026 15:04
6786b8b4-51b9-4cc5-b460-748e2e0eb25d,waved.mortgage,available,49.88,49.88,high,low,5,spaceship,,,30/09/2026 03:45
6a001d94-9a07-466b-905c-7521d6a2e1c1,adventurous.mortgage,available,8.24,49.95,high,low,11,porkbun,,,29/09/2026 14:20
b61d74f4-b87d-4171-b0b6-49d3d094e9ec,aroid.mortgage,available,14.99,81.99,medium,low,5,name.com,,,06/08/2026 11:30
eb602ae8-7e15-40e4-91b4-fed68085f302,cobra.mortgage,available,62.99,62.99,medium,low,5,namesilo,,,28/09/2026 13:44
bbcf905d-1399-48bf-be8f-a8fab3a2edac,realize.mortgage,available,62.99,62.99,high,low,7,namesilo,,,27/09/2026 05:56
4c381dce-31f0-49a4-ac4e-28c9d5bb9846,pricing.mortgage,available,62.99,62.99,high,low,7,namesilo,,,30/09/2026 07:19
03bb6fb6-b263-4e20-805d-fa043f52aa47,hindoo.mortgage,available,14.99,81.99,medium,low,6,name.com,,,21/08/2026 09:33
78f0c32a-489f-4b52-b899-063021482eca,handling.mortgage,available,62.99,62.99,high,low,8,namesilo,,,25/09/2026 23:04
80028dd9-05d4-4646-a9ec-d362efc9b920,railroad.mortgage,available,62.99,62.99,high,low,8,namesilo,,,24/09/2026 23:46
2ea95f06-7aed-409f-8bb9-ed37618d317b,booklover.mortgage,available,62.99,62.99,medium,low,9,namesilo,,,23/09/2026 12:51
a378c150-1156-4049-950e-d8f5c7b291da,nathaniel.mortgage,available,62.99,62.99,medium,low,9,namesilo,,,25/09/2026 14:50
7fb67631-3380-451f-a713-cb47b7818d04,hints.mortgage,available,8.24,51.58,medium,low,5,dynadot,,,30/09/2026 00:13
a59381e2-dba7-4903-a7ce-8bee61447a07,akhbari.mortgage,available,62.99,62.99,medium,low,7,namesilo,,,17/09/2026 23:56
6294f573-0f54-4cc0-9e35-e81260a943aa,inventions.mortgage,available,62.99,62.99,medium,low,10,namesilo,,,29/09/2026 17:30
8320d59e-fd96-4ced-afeb-bb239dd8001b,guides.mortgage,premium,512,512,high,low,6,namesilo,,,29/09/2026 16:42
4613fe2e-002f-49f6-a282-3448a7cc3e4a,governance.mortgage,available,14.99,81.99,high,low,10,name.com,,,20/08/2026 17:22
c528cf0d-020d-47c3-ab76-886bd63c0363,algebras.mortgage,available,65.98,76.98,low,low,8,namecheap,,,28/09/2026 13:28
e2f69c55-e0df-426c-8055-b7979b9ae870,phonetic.mortgage,available,65.98,76.98,high,low,8,namecheap,,,08/09/2026 19:04
266ee83a-9840-400a-8d25-920a81fce123,sorrow.mortgage,available,48.2,48.2,medium,low,6,cloudflare,,,28/09/2026 06:39
2d3c2ba1-2d11-4680-bdd6-d54398cdb17f,scales.mortgage,available,62.99,62.99,high,low,6,namesilo,,,29/09/2026 09:18
c5d3b54d-1145-4b56-8b98-2a7bd67078b0,cellini.mortgage,available,62.99,62.99,medium,low,7,namesilo,,,23/09/2026 08:47
888788a4-d5ef-4f72-9f5a-1d83f27e7648,existed.mortgage,available,8.24,49.95,medium,low,7,porkbun,,,27/09/2026 21:59
f990bd5e-e685-4b0f-b0d9-f68ae56a7439,parked.mortgage,available,62.99,62.99,high,low,6,namesilo,,,08/09/2026 01:36
7b2d90dd-2c68-43d6-9832-27e93f1cace1,anemone.mortgage,available,62.99,62.99,high,low,7,namesilo,,,19/09/2026 05:19
3021c027-6918-4ce6-b5b7-06bbd3af5e1e,longways.mortgage,available,14.99,81.99,medium,low,8,name.com,,,22/08/2026 23:44
b51f06ba-ed35-444a-a185-01f5d208e864,whiney.mortgage,available,62.99,62.99,medium,low,6,namesilo,,,09/09/2026 08:35
10fd8a39-2b20-46d1-a1f4-392564ad1aed,sack.mortgage,available,62.99,62.99,high,low,4,namesilo,,,03/09/2026 15:56
4722440c-2402-4d53-9ddc-474e55ce9395,sainted.mortgage,available,14.99,81.99,high,low,7,name.com,,,
78dd10d0-f264-4a46-beb4-171fe60b771b,admits.mortgage,available,49.88,49.88,medium,low,6,spaceship,,,29/09/2026 10:40
8ccd85df-6b7a-4c17-b7ac-7e4911b88df8,occurs.mortgage,available,48.2,48.2,medium,low,6,cloudflare,,,28/09/2026 17:56
a7c53d32-ca40-4644-af27-9f5a5f10ee38,seo.mortgage,premium,414.2,414.2,high,medium,3,spaceship,,,28/09/2026 17:30
7979ca35-373e-4bf2-b47f-deefddbaf998,spic.mortgage,available,14.99,81.99,medium,low,4,name.com,,,21/08/2026 20:44
5c7c57ab-b887-4bea-9988-d7e71897c9e8,ici.mortgage,available,49.88,49.88,high,low,3,spaceship,,,30/09/2026 05:17
33bb4e2c-8f15-4542-b3a0-d6bd413b7d2d,regulations.mortgage,available,62.99,62.99,medium,low,11,namesilo,,,28/09/2026 04:25
fafbeceb-80f8-4dc1-89b2-97567ebb23b7,inviting.mortgage,available,65.98,76.98,high,low,8,namecheap,,,25/09/2026 11:14
ed10b29d-af48-4f45-9918-f45006c5cc60,aerodrome.mortgage,available,62.99,62.99,high,low,9,namesilo,,,17/09/2026 12:58
7ecd861a-4baf-4678-8fa0-67bc0ccb239e,limbic.mortgage,available,14.99,81.99,medium,low,6,name.com,,,23/08/2026 11:49
cf3e3de4-0b6f-4dbc-97da-0e6506b03b23,spatter.mortgage,available,65.98,76.98,medium,low,7,namecheap,,,15/09/2026 20:19
a65b6b21-4fd7-4d9a-978a-4a305210d3de,donnish.mortgage,available,14.99,81.99,medium,low,7,name.com,,,14/08/2026 15:53
9a5fe8cb-7864-44b9-a355-f9cb36a3fa7d,fudge.mortgage,available,62.99,62.99,high,low,5,namesilo,,,30/09/2026 09:49
b75f41d3-11bb-4cc6-aa96-a7c22595a64d,apish.mortgage,available,14.99,81.99,medium,low,5,name.com,,,06/08/2026 00:12
85372eed-4865-43c4-b56f-515a54dc134c,gotten.mortgage,available,14.99,,medium,low,6,name.com,,,
dddf3213-4200-4962-9d84-b764b24cf0dd,gone.mortgage,available,62.99,62.99,high,low,4,namesilo,,,22/09/2026 10:48
a7de27ed-bdcd-42b4-b278-e881f1490491,bugged.mortgage,available,62.99,62.99,medium,low,6,namesilo,,,23/09/2026 10:21
94baeaa0-758b-40a1-b816-578c3af9431a,undue.mortgage,available,14.99,81.99,medium,low,5,name.com,,,17/08/2026 16:19
a9de444b-ef41-4332-8991-35624db76ff4,locker.mortgage,available,62.99,62.99,high,low,6,namesilo,,,25/09/2026 06:06
ef2b101e-d766-4ee3-ad64-cef2f4cde5e8,member.mortgage,available,49.88,49.88,high,low,6,spaceship,,,28/09/2026 21:54
d35b4fcc-a8f8-4507-a773-61a60658e969,releasing.mortgage,available,62.99,62.99,high,low,9,namesilo,,,09/09/2026 13:32
c7a99b8b-d18c-4ecb-a4d4-1c715ce6d60e,calculations.mortgage,premium,242,242,high,low,12,namesilo,,,17/09/2026 02:07
881c8671-1e92-47c7-99dd-2135ccc2a81d,danger.mortgage,available,49.88,49.88,high,low,6,spaceship,,,29/09/2026 13:11
7d83b7e2-7423-4e09-8feb-c7dcecc59712,boreas.mortgage,available,65.98,76.98,medium,low,6,namecheap,,,03/09/2026 21:36
4a8b38d7-4d00-4d81-b190-82212b894ddf,whiskey.mortgage,available,49.88,49.88,high,low,7,spaceship,,,27/09/2026 16:19
d784b730-0ea6-443f-8c5f-fa90727a2603,swerve.mortgage,available,62.99,62.99,high,low,6,namesilo,,,27/09/2026 20:50
9de002d6-2e1f-407c-93c6-eb5809ff72e6,amen.mortgage,available,65.98,76.98,high,low,4,namecheap,,,18/09/2026 18:25
9ee26e04-17e8-4208-9a5e-a616b45cf9cc,ambiguity.mortgage,available,62.99,62.99,high,low,9,namesilo,,,18/09/2026 16:43
ff9ac1e5-6fa2-431b-9332-53edf037e87d,powder.mortgage,available,62.99,62.99,high,low,6,namesilo,,,25/09/2026 23:00
dddf4690-d0ef-4106-a637-5d595adde490,papaw.mortgage,available,62.99,62.99,medium,low,5,namesilo,,,20/09/2026 14:12
85d97360-06c4-4d97-a6c3-432db27fe40a,helps.mortgage,available,65.98,76.98,high,low,5,namecheap,,,25/09/2026 21:19
7a264a1e-4708-4bbe-be39-07c7d91cf652,massacre.mortgage,available,8.24,49.95,medium,low,8,porkbun,,,28/09/2026 18:34
7c5a6cdc-a205-4c68-9e6f-d72e5f0479d7,reichstag.mortgage,available,49.88,49.88,medium,low,9,spaceship,,,28/09/2026 16:30
7abd4360-5dff-463d-b9e7-19b286eec4ee,galaxies.mortgage,available,8.24,49.95,high,low,8,porkbun,,,30/09/2026 14:49
0d1969ab-f4fe-49de-a3db-aa1308db22ab,foreshadow.mortgage,available,62.99,62.99,high,low,10,namesilo,,,21/09/2026 03:32
9999e5e1-1232-42a1-8e3e-48960153f570,clubable.mortgage,available,14.99,81.99,medium,low,8,name.com,,,12/08/2026 12:57
9c97fdc6-680b-4a4b-b288-dfc629a93b8f,propranolol.mortgage,available,62.99,62.99,high,low,11,namesilo,,,20/09/2026 00:29
1a83ddcf-bac5-4661-b874-e94adca20e64,sublunary.mortgage,available,14.99,81.99,medium,low,9,name.com,,,12/08/2026 08:28
be3793eb-e6dc-4a2c-a732-b05b6319bb53,relief.mortgage,premium,218.8,437.19,high,low,6,porkbun,,,01/10/2026 02:48
97f55a4c-c6e4-4a8a-b9a1-d1257473d0df,handles.mortgage,available,48.2,48.2,medium,low,7,cloudflare,,,28/09/2026 13:13
f77ca70c-6ff6-4eda-b265-517f9f761fd1,chapters.mortgage,available,62.99,62.99,medium,low,8,namesilo,,,29/09/2026 11:10
26939180-c300-4a8b-8676-6a21480b72fa,mich.mortgage,premium,102.67,102.67,high,low,4,spaceship,,,29/09/2026 14:29
b56af3d8-70ed-4d0c-8119-5169483906db,iraki.mortgage,available,14.99,81.99,medium,low,5,name.com,,,22/08/2026 09:37
28183372-4643-45a1-ab2d-446dcbfa2967,deeply.mortgage,available,14.99,81.99,medium,low,6,name.com,,,13/08/2026 22:30
4df5ed1e-c888-4a4e-ba3a-8094f6de3904,peckish.mortgage,available,14.99,81.99,medium,low,7,name.com,,,22/08/2026 10:23
d575131b-d9c6-4f37-ab15-3d8b4c35a411,ccf.mortgage,available,49.88,49.88,high,low,3,spaceship,,,30/09/2026 21:20
91356560-fe10-4bde-93a0-0949de021597,slips.mortgage,available,62.99,62.99,high,low,5,namesilo,,,17/09/2026 12:24
9d34fc8c-71bc-4307-b3f9-e4a24680e936,alliaceous.mortgage,available,14.99,81.99,medium,low,10,name.com,,,
6a574cf1-05c4-4a44-a4b0-c657d82093ce,increased.mortgage,available,62.99,62.99,high,low,9,namesilo,,,25/09/2026 08:09
10129d8b-f92c-4c2e-bdf7-6fe2967106de,stemmed.mortgage,available,14.99,81.99,medium,low,7,name.com,,,11/08/2026 22:33
420c5103-949c-49e3-bb00-8fa4c9d8874e,bathhouse.mortgage,available,65.98,76.98,medium,low,9,namecheap,,,22/09/2026 13:35
4478f4ca-a0d0-45e0-b53f-52b5cf92d32d,presence.mortgage,available,62.99,62.99,high,low,8,namesilo,,,24/09/2026 16:52
ff0c1b4c-4f4e-4ea4-b382-6373148890a6,should.mortgage,available,62.99,62.99,high,low,6,namesilo,,,30/09/2026 23:35
a31af739-0b5d-46b4-bbd1-dddfe113722d,righteous.mortgage,available,48.2,48.2,high,low,9,cloudflare,,,27/09/2026 15:12
f5fce5a1-85f5-4e29-8f1a-807053334065,infallible.mortgage,available,14.99,81.99,high,low,10,name.com,,,22/08/2026 04:05
15e6f833-06d3-4c41-93c4-16a14f26853b,got.mortgage,premium,118.8,118.8,high,low,3,namesilo,,,27/09/2026 07:08
7d09cfac-6ae9-4d7c-acc3-566a679963b4,theatres.mortgage,available,65.98,76.98,medium,low,8,namecheap,,,20/09/2026 19:41
08ca9425-8b95-41a6-9e76-1d9b23447a70,anabolic.mortgage,available,14.99,81.99,high,low,8,name.com,,,
38ed9f32-4e98-4ee4-8c47-1fd342505bff,tattle.mortgage,available,62.99,62.99,medium,low,6,namesilo,,,23/09/2026 23:36
0f25145e-c7ef-4c84-90ad-58d1ba31b198,yarrow.mortgage,available,62.99,62.99,medium,low,6,namesilo,,,17/09/2026 00:36
d90c3780-f478-4558-aa2a-2ecbc38d78d0,zaftig.mortgage,available,62.99,62.99,medium,low,6,namesilo,,,13/09/2026 14:56
35ce109a-76a8-40a4-a24e-fdb460b7ac0b,abstracter.mortgage,available,65.98,76.98,medium,low,10,namecheap,,,16/09/2026 18:30
5c157836-f02c-40d6-b895-d4e1049e4bb9,piddling.mortgage,available,14.99,81.99,medium,low,8,name.com,,,18/08/2026 03:33
e7339e77-f6ae-45ad-bc10-06363f6ac9ce,liegeman.mortgage,available,14.99,81.99,medium,low,8,name.com,,,18/08/2026 03:05
f40fd790-8469-4e29-86ef-ae34cdfc0fd8,atherton.mortgage,premium,102.67,102.67,medium,low,8,spaceship,,,28/09/2026 09:10
220d0865-4252-46c7-ab9a-02814256098f,asymptotic.mortgage,available,14.99,81.99,medium,low,10,name.com,,,07/08/2026 10:30
ba2d8d19-0282-4751-9f3d-bddb7bf0fec2,aubergine.mortgage,available,62.99,62.99,high,low,9,namesilo,,,21/09/2026 02:33
dbcb8973-6fb1-467d-b08c-0be6d93853a4,pizzeria.mortgage,available,62.99,62.99,high,low,8,namesilo,,,30/09/2026 06:58
4e28d4e6-27e8-4850-94a5-5939d2ce2192,prospering.mortgage,available,14.99,81.99,medium,low,10,name.com,,,10/08/2026 19:17
728025e3-fa4d-4dc8-8de6-2079b6165c4f,conceived.mortgage,available,62.99,62.99,medium,low,9,namesilo,,,28/09/2026 22:54
6c30215a-8d45-41c6-81be-dc37a6fa5899,stepwise.mortgage,available,14.99,81.99,high,low,8,name.com,,,10/08/2026 07:12
6456b99e-3033-4375-8be0-322c9044cdce,carat.mortgage,available,62.99,62.99,high,low,5,namesilo,,,24/09/2026 12:45
a4b6f084-6f16-47d0-ae49-4e2eca67ea3b,facilitation.mortgage,available,62.99,62.99,high,low,12,namesilo,,,17/09/2026 01:02
48e9644a-f92a-4b0a-bcdd-fa4aad6effa2,resolutely.mortgage,available,62.99,62.99,medium,low,10,namesilo,,,14/09/2026 11:12
c0fdd5d4-5ae8-4fd5-9579-2ad31dc8b2c3,algae.mortgage,available,62.99,62.99,high,low,5,namesilo,,,18/09/2026 06:48
c1b13982-0740-4503-8ff0-46446d4d3c0d,acidic.mortgage,available,14.99,81.99,high,low,6,name.com,,,
1cffd680-4c83-47d1-816a-e10b6113c1ac,antilles.mortgage,available,62.99,62.99,medium,low,8,namesilo,,,19/09/2026 14:37
c6f4a3d5-5aab-4a59-bd62-eef3ccc061e4,slaphappy.mortgage,available,14.99,81.99,medium,low,9,name.com,,,14/08/2026 05:04
173faf89-52db-44ff-9e2f-2bf9185e82d5,ppm.mortgage,available,62.99,62.99,high,low,3,namesilo,,,28/09/2026 08:29
2ae7ce8e-93b3-4c36-b1fd-945feb17b5c7,rejoice.mortgage,available,65.98,76.98,high,low,7,namecheap,,,30/09/2026 17:44
8c3d89c0-9ede-496f-93cc-e2504b6df88c,steak.mortgage,available,65.98,76.98,high,low,5,namecheap,,,30/09/2026 11:53
29348059-7cc1-4053-a101-9aa68da6cafb,annalistic.mortgage,available,14.99,81.99,medium,low,10,name.com,,,
944e2a5e-ba77-42ff-b597-5d9c625ce89e,phony.mortgage,available,14.99,81.99,medium,low,5,name.com,,,08/08/2026 23:09
338aed28-32c8-4ce3-831f-c033b2dde0d3,licit.mortgage,available,14.99,81.99,medium,low,5,name.com,,,23/08/2026 00:58
33e6f157-014b-420f-9c64-490865d1fe5c,stain.mortgage,available,62.99,62.99,high,low,5,namesilo,,,25/09/2026 16:55
6b75b89f-df5f-4763-9efc-70c25fa8566c,grade.mortgage,available,14.99,81.99,high,low,5,name.com,,,23/08/2026 00:34
5f567b88-d06a-4207-b491-f2fcd2f1adad,organismal.mortgage,available,65.98,76.98,medium,low,10,namecheap,,,04/09/2026 17:47
a7e08fad-b293-4747-97ed-f4e66e6197d9,skyway.mortgage,available,62.99,62.99,high,low,6,namesilo,,,17/09/2026 22:32
452e84db-296a-4b39-a957-68eae1f26a28,barons.mortgage,available,49.88,49.88,medium,low,6,spaceship,,,30/09/2026 13:35
4156fe03-e046-4942-97c6-8db0d3a1b470,mcgraw.mortgage,available,8.24,49.95,medium,low,6,porkbun,,,28/09/2026 06:05
fe24bebc-7d71-429e-a719-355edc2992be,auxiliary.mortgage,available,14.99,81.99,high,low,9,name.com,,,
2fb525ba-dd7d-494c-a6e7-5b13e226613d,november.mortgage,available,49.88,49.88,high,low,8,spaceship,,,30/09/2026 05:53
405afd91-bc5a-40ca-b78d-476660873346,crumpled.mortgage,available,14.99,81.99,medium,low,8,name.com,,,13/08/2026 09:06
177f27a0-9979-4645-9013-9675711c4811,microbic.mortgage,available,14.99,81.99,medium,low,8,name.com,,,24/08/2026 22:21
4c6c9606-a58f-41cd-8533-160ad5ca0e4d,conditioning.mortgage,available,8.24,51.58,high,low,12,dynadot,,,28/09/2026 12:54
2c8e87ed-b4cd-4607-8030-53fa27d3094b,vanilla.mortgage,available,62.99,62.99,high,low,7,namesilo,,,13/09/2026 01:08
9010217e-3d00-47b5-a2a0-ddb01c4cb69f,biotitic.mortgage,available,14.99,81.99,medium,low,8,name.com,,,10/08/2026 03:33
2d5a0f8d-d40c-4157-aa71-1d1deb45e471,abidance.mortgage,available,65.98,76.98,medium,low,8,namecheap,,,16/09/2026 15:33
b58f013d-5c8e-408f-b410-edb64eac4a3a,unfortunate.mortgage,available,14.99,81.99,medium,low,11,name.com,,,26/09/2026 03:07
50e3df75-b69f-4019-801e-9d9dd9e8022f,blackfoot.mortgage,available,62.99,62.99,medium,low,9,namesilo,,,24/09/2026 02:17
1955c6d5-5c7c-4c75-bce4-878226f81ca6,alters.mortgage,available,65.98,76.98,medium,low,6,namecheap,,,20/09/2026 13:23
d6eacebb-54c2-4028-90c8-1aa5a9237fd0,busybodied.mortgage,available,14.99,81.99,medium,low,10,name.com,,,11/08/2026 11:28
329725ee-b174-43c4-88c7-e742626bba22,arguing.mortgage,available,62.99,62.99,medium,low,7,namesilo,,,20/09/2026 04:50
7642593d-0717-45f0-b4aa-4722006914a4,vince.mortgage,available,62.99,62.99,high,low,5,namesilo,,,27/09/2026 07:24
66e779da-bcce-44ad-9709-dde0b7df1804,christ.mortgage,available,49.88,49.88,high,low,6,spaceship,,,29/09/2026 09:03
568ef8b9-a9a4-4c43-beca-5f563f03fb20,infrequent.mortgage,available,14.99,81.99,medium,low,10,name.com,,,22/08/2026 04:50
33271367-7444-4fee-8dfc-55e57cfea968,formality.mortgage,available,48.2,48.2,high,low,9,cloudflare,,,30/09/2026 09:43
1884da61-22fa-416c-ae21-ae74b9e1ca1b,mandel.mortgage,available,49.88,49.88,medium,low,6,spaceship,,,29/09/2026 16:32
4fc13dde-7527-45e0-a106-ad86a29caf10,sources.mortgage,available,62.99,62.99,medium,low,7,namesilo,,,17/09/2026 22:23
9eb735a4-b052-4351-ad0e-b15a90684e54,charities.mortgage,available,48.2,48.2,medium,low,9,cloudflare,,,30/09/2026 06:10
300b71e5-f9c3-4f5b-8f63-8536d7527b40,shore.mortgage,premium,3450,3450,high,low,5,namesilo,,,26/09/2026 00:07
24efff80-a4f3-4956-9534-f493a3fc286e,dartmouth.mortgage,premium,242,242,medium,low,9,namesilo,,,25/09/2026 04:45
35a6da69-0966-457b-acce-f5ae21a9b0d5,wentworth.mortgage,available,62.99,62.99,medium,low,9,namesilo,,,25/09/2026 21:47
156f1404-87cb-492d-9cb4-b9831551225d,seconds.mortgage,available,62.99,62.99,high,low,7,namesilo,,,25/09/2026 18:47
2050b62a-be7f-43bb-bf27-904f7db0e958,chancy.mortgage,available,14.99,81.99,medium,low,6,name.com,,,12/08/2026 01:41
791f4e4c-c131-41b2-993d-2b5bc2062292,successfully.mortgage,available,14.99,,high,low,12,name.com,,,
1c8b04f0-1099-43ca-bdf9-9e28e9f71ce5,sonia.mortgage,available,48.2,48.2,high,low,5,cloudflare,,,28/09/2026 03:44
e0952c9d-e404-4ee1-acac-c69f8277fff2,xxviii.mortgage,available,14.99,81.99,medium,low,6,name.com,,,
cf315c41-6fab-430b-881e-268ed24ac6ab,fungal.mortgage,available,14.99,81.99,medium,low,6,name.com,,,18/08/2026 18:28
129377db-9319-4eb8-ba68-74698dad487c,rif.mortgage,available,62.99,62.99,high,low,3,namesilo,,,30/09/2026 19:40
faddcd73-5bd4-4aa5-95e8-7e8bf9f7d801,miocene.mortgage,available,62.99,62.99,high,low,7,namesilo,,,25/09/2026 23:43
e39286d7-5ad7-4ec2-b02f-64283b60cd9d,montclair.mortgage,available,8.24,49.95,medium,low,9,porkbun,,,29/09/2026 04:37
748f35d5-fdaa-4f5a-a60f-09bd0b0618d8,fledgeling.mortgage,available,14.99,81.99,medium,low,10,name.com,,,18/08/2026 07:32
971221d4-d57e-4e35-968f-2dc346d2e34c,medicine.mortgage,available,49.88,49.88,high,low,8,spaceship,,,30/09/2026 21:45
14d079ac-6448-44a5-8eda-8f0991688759,prohibition.mortgage,available,62.99,62.99,medium,low,11,namesilo,,,29/09/2026 15:19
7797e9fd-3b2c-46a0-98cc-f63e381e1465,charily.mortgage,available,62.99,62.99,medium,low,7,namesilo,,,14/09/2026 06:17
b97720d4-2a47-4f2c-8d93-83bfe6f2c038,alcibiades.mortgage,available,62.99,62.99,medium,low,10,namesilo,,,18/09/2026 04:00
9751e222-fe40-487f-aa60-a0d6ccb1e0e9,naacp.mortgage,available,62.99,62.99,medium,low,5,namesilo,,,25/09/2026 13:20
71c7de9b-6b1b-4cdc-b1d3-770a0c7c7eaa,avogadro.mortgage,available,65.98,76.98,medium,low,8,namecheap,,,18/09/2026 17:51
5d153d7b-d8ba-4df2-83a2-700e6c57bf43,quat.mortgage,available,62.99,62.99,medium,low,4,namesilo,,,17/09/2026 15:25
3679dbad-2db6-4a94-a284-fabaea09de56,rhomboidal.mortgage,available,62.99,62.99,medium,low,10,namesilo,,,09/09/2026 16:49
5437dd08-6419-4f1a-895d-5eb094a96b7e,aga.mortgage,available,62.99,62.99,high,low,3,namesilo,,,17/09/2026 15:58
fcc4eae1-fe82-4186-a0fa-beaca180619c,hearsay.mortgage,available,14.99,81.99,medium,low,7,name.com,,,21/08/2026 02:04
5c1a0957-4dfc-4bb4-8412-7e4c8c5a53b4,scatter.mortgage,available,48.2,48.2,high,low,7,cloudflare,,,29/09/2026 08:02
df5fef53-e30d-451f-b3ec-c3600aaf3699,dukes.mortgage,available,62.99,62.99,high,low,5,namesilo,,,29/09/2026 15:43
c5979820-a86f-4b1d-957a-725c01da1c69,bissau.mortgage,available,62.99,62.99,medium,low,6,namesilo,,,23/09/2026 22:06
f7acdf3e-96a9-470f-b413-587273916ca9,eatery.mortgage,available,65.98,76.98,high,low,6,namecheap,,,01/10/2026 02:34
db681355-9d41-4384-bd6d-576293f1e70a,recall.mortgage,available,62.99,62.99,high,low,6,namesilo,,,24/09/2026 11:46
fa3ea0a5-0ebe-41b5-ba58-345312237004,cumulous.mortgage,available,14.99,81.99,medium,low,8,name.com,,,13/08/2026 10:30
4dca4c9f-2e36-41b0-a6cc-091562bc5641,perpetrator.mortgage,available,49.88,49.88,medium,low,11,spaceship,,,29/09/2026 20:54
ce1f81e9-dd0d-4c07-aa23-ad82cf6d8629,tobacco.mortgage,available,62.99,62.99,medium,low,7,namesilo,,,29/09/2026 00:12
a7c07de6-cf03-42ef-b0df-b36c415f750b,outback.mortgage,available,62.99,62.99,high,low,7,namesilo,,,26/09/2026 03:21
c77cbcfb-9ebc-4929-a666-274118978dd2,manufacturer.mortgage,available,49.88,49.88,medium,low,12,spaceship,,,28/09/2026 20:59
1d3aa280-d38c-4ea3-95f7-6bee03fae413,acned.mortgage,available,14.99,81.99,low,low,5,name.com,,,
14273aba-6127-435f-8207-1fccf29e7c8c,paschal.mortgage,available,62.99,62.99,medium,low,7,namesilo,,,08/09/2026 02:20
2e27232b-32bd-4fa2-b029-79fb5a5a2a4c,valery.mortgage,available,65.98,76.98,medium,low,6,namecheap,,,30/09/2026 13:51
06e8c9e1-75bc-4436-ad81-93c32953a300,miry.mortgage,available,14.99,81.99,medium,low,4,name.com,,,10/08/2026 17:05
a6a10977-bc7f-4708-afbb-6e64c653bcb2,accepts.mortgage,available,49.88,49.88,medium,low,7,spaceship,,,29/09/2026 11:07
09420ebd-c7f6-48c7-b3c8-a8e164ca9c80,thessaloniki.mortgage,available,48.2,48.2,medium,low,12,cloudflare,,,29/09/2026 15:14
46840cb1-2f73-446b-bbf3-6c15b203f310,mix.mortgage,available,65.98,76.98,high,medium,3,namecheap,,,29/09/2026 03:11
a6f99ce2-a834-4a21-bdde-4fb8ae7a2d52,recreation.mortgage,available,62.99,62.99,high,low,10,namesilo,,,24/09/2026 23:18
ebca82dd-7127-4176-8cc6-3088d3581f89,intended.mortgage,available,62.99,62.99,high,low,8,namesilo,,,25/09/2026 09:53
62d6a1fe-3974-4eba-9d82-386cae49a889,nonzero.mortgage,available,14.99,81.99,high,low,8,name.com,,,03/09/2026 18:39
12bd215f-d046-4240-bb72-5844b15df412,manx.mortgage,available,14.99,81.99,high,low,4,name.com,,,24/08/2026 15:32
f7c034ff-7eb1-4fac-b5ca-3a144d28e134,acids.mortgage,available,14.99,,medium,low,5,name.com,,,
b87d80a1-ed58-4b1d-b3e5-374caedc95ce,gip.mortgage,available,62.99,62.99,medium,low,3,namesilo,,,14/09/2026 08:07
10d880db-2138-4107-9442-090217e7cf13,sinewy.mortgage,available,14.99,81.99,medium,low,6,name.com,,,11/08/2026 02:52
0f8caba5-9f8c-4b4f-a27b-e5ef184e635a,allice.mortgage,available,62.99,62.99,medium,low,6,namesilo,,,18/09/2026 11:05
84c3668b-7eda-4c25-9114-49c46819ff7c,constraint.mortgage,available,62.99,62.99,high,low,10,namesilo,,,24/09/2026 17:34
ad86f61d-7cd4-4376-ac03-bcce85ab74f8,coptic.mortgage,available,14.99,81.99,high,low,6,name.com,,,13/08/2026 00:36
605fdd3d-21d6-487d-b208-b00fffaa3832,tilled.mortgage,available,62.99,62.99,medium,low,6,namesilo,,,11/09/2026 15:57
3b5e2505-d6b0-4028-88b8-3a295f8b2b1d,tasked.mortgage,available,62.99,62.99,medium,low,6,namesilo,,,20/09/2026 17:24
d1644e55-93fe-4d07-a6bd-7481890fed5e,dining.mortgage,available,49.88,49.88,high,low,6,spaceship,,,29/09/2026 15:00
541fa19d-21ad-4143-b4c1-196a836b5103,fled.mortgage,available,62.99,62.99,low,low,4,namesilo,,,28/09/2026 12:32
034ca628-51ec-4fa4-b66d-7c4ee4d77a00,bain.mortgage,available,65.98,76.98,high,low,4,namecheap,,,28/09/2026 07:18
ea6f59d4-be7e-46d6-9fee-3f72598fbfe5,bricks.mortgage,available,14.99,,high,low,6,name.com,,,
eb2fb746-5ce8-4cd0-96b2-86a6fb5ebd00,then.mortgage,available,49.88,49.88,high,low,4,spaceship,,,28/09/2026 02:27
27ebb8b1-4aae-4045-911e-d3d329cc7276,smug.mortgage,available,62.99,62.99,high,low,4,namesilo,,,10/09/2026 02:05
5af7437a-31f3-4f6d-8905-d2ec48199726,manifestation.mortgage,available,8.24,51.58,high,low,13,dynadot,,,29/09/2026 22:53
0de0a49f-1eb1-4d29-8b8f-ab2cd04278f2,picker.mortgage,available,62.99,62.99,medium,low,6,namesilo,,,24/09/2026 14:45
a8bdd46b-df20-4012-9443-d66fc294f1fa,cmc.mortgage,available,49.88,49.88,high,low,3,spaceship,,,29/09/2026 21:38
64e5762f-c577-46c8-85ba-6ae8efcf8a18,captains.mortgage,available,62.99,62.99,medium,low,8,namesilo,,,28/09/2026 23:33
dd603b27-b6ba-4a70-83ef-b042daceddfe,hendry.mortgage,available,49.88,49.88,medium,low,6,spaceship,,,30/09/2026 21:36
c6e5062c-7b06-4504-bac5-411276437291,wedding.mortgage,premium,260,260,high,low,7,namecheap,,,29/09/2026 23:26
b59d5aad-c85b-4d0a-9429-474082984137,copasetic.mortgage,available,14.99,81.99,medium,low,9,name.com,,,13/08/2026 00:20
af039322-4e4f-4c3b-8b7d-1afcaff6232c,frore.mortgage,available,14.99,81.99,low,low,5,name.com,,,18/08/2026 16:21
2975b54e-ca2d-47ac-b198-04d2760f98ab,straight.mortgage,available,14.99,81.99,high,low,8,name.com,,,14/08/2026 08:46
376d294a-15b8-4bcd-999c-3db253f0e8fb,hon.mortgage,available,62.99,62.99,high,low,3,namesilo,,,25/09/2026 12:00
18290300-8374-40db-87bc-f3d842632f28,fingers.mortgage,available,14.99,,medium,low,7,name.com,,,
d3026d2f-b617-44a5-af21-c6043a42b383,geniality.mortgage,available,62.99,62.99,high,low,9,namesilo,,,17/09/2026 14:00
aa91d5e6-c6d8-4697-b61f-b524109a9bd7,foreman.mortgage,available,62.99,62.99,high,low,7,namesilo,,,23/09/2026 00:59
17d9189c-9295-4429-9e0a-3395602c2356,zonal.mortgage,available,62.99,62.99,medium,low,5,namesilo,,,13/09/2026 15:29
e4f6b2f5-cab8-44b1-bad1-29940bd08c1b,parentage.mortgage,available,62.99,62.99,medium,low,9,namesilo,,,08/09/2026 13:25
14b01f68-7b05-40e5-91fc-a51eef144fd9,archdeacon.mortgage,available,62.99,62.99,medium,low,10,namesilo,,,20/09/2026 01:53
980abfa7-3cdc-41b2-b6e4-86659f9250ac,kar.mortgage,available,62.99,62.99,high,low,3,namesilo,,,30/09/2026 03:53
5cfd30ce-9a8d-4772-9e46-0849b6b59604,lxxxii.mortgage,available,14.99,81.99,medium,low,6,name.com,,,
833efcaa-cdff-4c35-ba3a-3448200a811b,lumpy.mortgage,available,14.99,81.99,medium,low,5,name.com,,,12/08/2026 07:46
f9300268-0f2d-42a1-88ce-adb1a84f84c5,eyry.mortgage,available,14.99,81.99,high,low,4,name.com,,,
c935263b-d5c0-4799-8627-0de4de560171,leagues.mortgage,available,62.99,62.99,medium,low,7,namesilo,,,29/09/2026 11:01
0c66e7f5-a7e6-4d9c-b7e3-fa1432905e61,dotted.mortgage,available,14.99,81.99,medium,low,6,name.com,,,13/08/2026 18:28
faf4066d-ef63-4a85-8532-194f96584ece,menzies.mortgage,available,8.24,51.58,medium,low,7,dynadot,,,29/09/2026 15:52
138113da-212f-4161-ac66-b37076953cb3,cheeky.mortgage,available,14.99,81.99,high,low,6,name.com,,,11/08/2026 02:26
48eb560f-888d-4acb-ab15-5a9211e88709,factually.mortgage,available,62.99,62.99,medium,low,9,namesilo,,,14/09/2026 17:27
0055eab3-770c-4580-8898-30dec351c1ed,lesbian.mortgage,available,14.99,81.99,high,low,7,name.com,,,23/08/2026 00:15
9b9f350c-20e9-45d9-b2f6-415f8237fac8,luckless.mortgage,available,14.99,81.99,medium,low,8,name.com,,,24/08/2026 10:59
a579027c-c0c8-4e67-8d8a-b4fd27fa7077,cognisance.mortgage,available,62.99,62.99,high,low,10,namesilo,,,21/09/2026 09:57
91b81a96-2c69-464f-8134-f2e4a15d15d6,chartered.mortgage,available,14.99,81.99,high,low,9,name.com,,,12/08/2026 02:47
9f9408fd-5a39-4255-b3bc-ef4a5c84f521,pumpkin.mortgage,available,62.99,62.99,high,low,7,namesilo,,,21/09/2026 08:26
639a2ea8-9ebe-48ec-a9c6-2a32baebff1e,previously.mortgage,available,49.88,49.88,medium,low,10,spaceship,,,28/09/2026 12:13
6c8593a6-f212-45bb-81c7-1bd8c96052dd,kerala.mortgage,available,62.99,62.99,medium,low,6,namesilo,,,28/09/2026 16:15
722b53b3-c213-4a0f-b553-4a38f078f911,thrilled.mortgage,available,62.99,62.99,high,low,8,namesilo,,,11/09/2026 14:36
0023724c-f0cc-4e08-a097-eb9e8f804cd4,mushroom.mortgage,available,49.88,49.88,high,low,8,spaceship,,,28/09/2026 14:57
21ec78d2-99c7-4630-8a88-be0bdad5205f,bootlicker.mortgage,available,65.98,76.98,medium,low,10,namecheap,,,19/09/2026 21:12
5bae018f-e9f3-4aaa-bf3a-1bfcef159ba9,materially.mortgage,available,62.99,62.99,medium,low,10,namesilo,,,15/09/2026 13:37
d3c45bb7-ee0a-4775-927b-bde21ec9205f,habits.mortgage,available,62.99,62.99,medium,low,6,namesilo,,,28/09/2026 04:46
8c6f3a93-af17-4358-87f8-984b89df17dd,eligible.mortgage,premium,242,242,high,low,8,namesilo,,,16/08/2026 04:35
7ebc9f13-3ffd-43a5-a4b1-a73a6a808a48,fiendish.mortgage,available,14.99,81.99,medium,low,8,name.com,,,14/08/2026 01:31
e3980822-d455-4db1-86c5-497d900ec38d,wintertime.mortgage,available,14.99,,high,low,11,name.com,,,
7407780b-16ed-4ba9-a15c-1e34ca31c480,unassuming.mortgage,available,62.99,62.99,high,low,10,namesilo,,,27/09/2026 13:26
0cc78cea-c675-4e78-a44e-7b919b984ffd,housewives.mortgage,available,62.99,62.99,medium,low,10,namesilo,,,30/09/2026 07:09
2509a206-533c-48fa-8d75-932bcd997e54,ric.mortgage,available,62.99,62.99,medium,low,3,namesilo,,,28/09/2026 15:49
4895eacb-66c0-47ac-9dc8-d59c30637503,neutrophils.mortgage,available,8.24,49.95,medium,low,11,porkbun,,,30/09/2026 14:46
47e028c8-cd79-4ff4-a9e4-bb05ccc6a99e,mouth.mortgage,available,49.88,49.88,high,low,5,spaceship,,,28/09/2026 08:01
c40edbef-17bd-4689-ae5b-97281f165c9d,homer.mortgage,available,62.99,62.99,high,low,5,namesilo,,,30/09/2026 17:38
093b3004-9c3d-447c-9f93-d041171cc39e,hume.mortgage,available,65.98,76.98,high,low,4,namecheap,,,25/09/2026 04:46
b07ef46e-8418-46c7-baea-75903d3e217e,ncaa.mortgage,available,65.98,76.98,high,low,4,namecheap,,,27/09/2026 07:11
84025ff3-2fda-46bd-b112-8b391b6715a0,aboard.mortgage,available,49.88,49.88,high,low,6,spaceship,,,28/09/2026 11:33
0124887a-fad9-4e80-bdad-a905e081215d,jog.mortgage,available,8.24,51.58,high,low,3,dynadot,,,30/09/2026 17:44
3d5a9707-40bb-4c5f-8aef-801e19fe6934,xvi.mortgage,available,62.99,62.99,medium,low,3,namesilo,,,21/09/2026 11:49
42a60e27-c97d-4456-a812-e44a2521d284,stupidity.mortgage,available,62.99,62.99,medium,low,9,namesilo,,,23/09/2026 11:18
512e1c80-714c-47a7-be9d-6adf132073c0,decolor.mortgage,available,65.98,76.98,medium,low,7,namecheap,,,24/09/2026 05:10
b6b04a99-12f3-4105-b443-fbf3f294d5b9,worms.mortgage,available,49.88,49.88,medium,low,5,spaceship,,,28/09/2026 03:50
d8e92d3c-fc70-4ff2-b3d9-e580ab3d1263,establishments.mortgage,available,14.99,,low,low,14,name.com,,,
6d31e477-29e0-4048-83fd-aa3c832bb491,kendall.mortgage,available,62.99,62.99,high,low,7,namesilo,,,25/09/2026 05:14
57d85569-5f4d-4094-a55f-a7f89cfae1d2,musically.mortgage,available,62.99,62.99,high,low,9,namesilo,,,15/09/2026 15:43
864bce52-2711-467a-9984-dd75fb1dc2d0,graciously.mortgage,available,62.99,62.99,high,low,10,namesilo,,,14/09/2026 21:58
d76d96ff-750b-476c-8bb3-1572c16302e6,slanted.mortgage,available,14.99,81.99,medium,low,7,name.com,,,07/08/2026 04:15
a1e65b7f-f5d7-4060-a23a-634e72fb43be,despondent.mortgage,available,62.99,62.99,medium,low,10,namesilo,,,24/09/2026 06:51
455b5283-0ef1-4229-a06f-076bb4602b29,deafened.mortgage,available,14.99,81.99,medium,low,8,name.com,,,13/08/2026 19:52
53776d63-55c0-466c-b85d-1cc8eb961315,peck.mortgage,available,14.99,81.99,high,low,4,name.com,,,25/08/2026 00:37
be4f6f0b-d454-4556-a4f8-3758222d8ec5,appendix.mortgage,available,65.98,76.98,high,low,8,namecheap,,,19/09/2026 20:40
1bdd7013-4b3d-4afb-a17f-89f17dd76744,hurts.mortgage,available,49.88,49.88,medium,low,5,spaceship,,,27/09/2026 23:53
111da3b1-239e-4c15-8352-d30cacd8002a,septic.mortgage,available,14.99,81.99,high,low,6,name.com,,,22/08/2026 04:07
ee285365-edeb-49c8-b38f-c06000374f4b,practiced.mortgage,available,65.98,76.98,high,low,9,namecheap,,,29/09/2026 02:32
780f1aec-2975-4093-8342-f6316894cda9,prefigure.mortgage,available,62.99,62.99,medium,low,9,namesilo,,,21/09/2026 03:35
353c7cbf-6fd3-4988-800f-d585f326eff1,jiangsu.mortgage,available,8.24,51.58,high,low,7,dynadot,,,29/09/2026 09:39
03979452-47f1-4707-ac9f-424eabfd341d,venushair.mortgage,available,62.99,62.99,medium,low,9,namesilo,,,17/09/2026 08:07
c3e5ad24-3276-4d0c-86a0-b17b692f8efe,brainwash.mortgage,available,49.88,49.88,high,low,9,spaceship,,,30/09/2026 16:18
07f8f33b-679c-4f4f-8140-27b797a84492,diesel.mortgage,available,62.99,62.99,high,low,6,namesilo,,,28/09/2026 09:31
9d399db5-019b-476a-bbdc-500534ed2ae7,squeaking.mortgage,available,62.99,62.99,medium,low,9,namesilo,,,10/09/2026 00:03
c6d95124-d47d-4c10-b804-7f5eb5497170,clear.mortgage,resell,,,high,medium,5,"Sav.com, LLC",03/08/2026 18:12,03/08/2027 18:12,26/09/2026 04:58
4414c13b-a6cf-45fd-90f7-ed4bd47d76f0,sse.mortgage,available,62.99,62.99,high,low,3,namesilo,,,16/09/2026 05:18
87a434f3-8640-4661-ae27-73fcbdaab11a,formless.mortgage,available,14.99,81.99,medium,low,8,name.com,,,
6fbda3cb-2101-4d83-802a-fc87be43f007,ten.mortgage,premium,118.8,118.8,high,low,3,namesilo,,,21/09/2026 10:51
1fd24b1f-d466-4d7d-a1f0-daaf99016990,immoral.mortgage,available,14.99,81.99,medium,low,7,name.com,,,21/08/2026 21:10
0c242e5d-dcb7-408c-99a3-c96ef816dfb6,delphian.mortgage,available,14.99,81.99,medium,low,8,name.com,,,14/08/2026 00:48
123c9823-75fb-4577-920e-06a87e03baf1,updates.mortgage,available,62.99,62.99,medium,low,7,namesilo,,,20/09/2026 08:39
066aea75-03ef-4d05-9ea8-a20bc4df0350,companion.mortgage,available,62.99,62.99,high,low,9,namesilo,,,24/09/2026 16:40
1805c955-bb4b-4142-a585-3d9f53b26b13,nighttime.mortgage,available,62.99,62.99,high,low,9,namesilo,,,30/09/2026 05:43
20a63314-fdb3-4ff2-8a43-1407cc33bb2f,schreiber.mortgage,available,8.24,51.58,high,low,9,dynadot,,,29/09/2026 15:36
a24ecca5-9186-4ca6-aa52-252b27afabbf,margosa.mortgage,available,62.99,62.99,medium,low,7,namesilo,,,20/09/2026 05:43
beeb69ba-a79a-4330-9bdf-3f81752a37c2,accordion.mortgage,available,65.98,76.98,high,low,9,namecheap,,,16/09/2026 23:02
07166b98-f7a2-475d-b6be-309157242d1c,confidential.mortgage,available,62.99,62.99,high,low,12,namesilo,,,27/09/2026 17:23
ce17eddc-5582-4b22-a3a1-131429b53f0b,frying.mortgage,available,65.98,76.98,high,low,6,namecheap,,,30/09/2026 09:52
c1dbefad-35a4-457e-8661-fc719b51306a,caswell.mortgage,available,49.88,49.88,high,low,7,spaceship,,,30/09/2026 22:01
4d78083e-09e5-4fad-8156-9af165e0db6f,expand.mortgage,available,62.99,62.99,high,low,6,namesilo,,,24/09/2026 13:38
b92394cb-0d54-4dc8-bab3-b9e494d7d880,carrie.mortgage,available,14.99,,high,low,6,name.com,,,
798d8151-d3b1-4f1c-8880-5aea196d1b49,primadonna.mortgage,available,14.99,,high,low,11,name.com,,,
cf6dfc05-63cb-4291-8552-ec9629ba3671,guts.mortgage,available,62.99,62.99,high,low,4,namesilo,,,29/09/2026 21:51
3b04e25c-8ec6-4cc9-b9db-4f5e9d5277f1,portions.mortgage,available,49.88,49.88,medium,low,8,spaceship,,,30/09/2026 14:36
e2a4d9e3-9ccf-4d73-8290-ff154749cf3e,moire.mortgage,available,14.99,81.99,medium,low,5,name.com,,,25/08/2026 03:26
268ceb34-256e-4f94-abb8-191138f872c5,sorting.mortgage,available,48.2,48.2,high,low,7,cloudflare,,,30/09/2026 02:57
6c6ce22b-8083-4fa5-a97d-a3e03527fd46,roosevelt.mortgage,available,62.99,62.99,high,low,9,namesilo,,,19/09/2026 09:58
3afd8e71-b7bd-42e4-94cd-76cefcbcee49,alcoholic.mortgage,available,14.99,81.99,high,low,9,name.com,,,
5a3fd866-55d2-4bc2-8aed-12acc169b60b,swop.mortgage,available,62.99,62.99,high,low,4,namesilo,,,22/09/2026 08:57
dad4f7b7-66b3-4cac-acb3-65503a033923,warning.mortgage,available,62.99,62.99,high,low,7,namesilo,,,13/09/2026 08:25
633abbdd-2506-4e65-8cd1-d98666547c48,surfboard.mortgage,available,49.88,49.88,high,low,9,spaceship,,,30/09/2026 12:33
4776be5f-ab4c-4b3b-8486-624de83257b5,floodwaters.mortgage,available,62.99,62.99,medium,low,11,namesilo,,,21/09/2026 03:37
6f0569c6-7bbd-4228-9a87-579804fd7ec4,essayer.mortgage,available,62.99,62.99,medium,low,7,namesilo,,,21/09/2026 01:22
1e9f8c6f-d35e-469f-a523-28f020855eb2,mommy.mortgage,available,49.88,49.88,high,low,5,spaceship,,,30/09/2026 02:10
81a11e91-25f0-47d1-a76c-d2c6f4f9dc44,tweedy.mortgage,available,14.99,81.99,medium,low,6,name.com,,,21/08/2026 11:21
324b69bf-0b79-41b2-ae3d-34f102f362c9,unearthly.mortgage,available,14.99,81.99,medium,low,9,name.com,,,16/08/2026 02:28
aa2fcef5-8b80-4bd1-9366-1d568f4d59b1,crook.mortgage,available,14.99,81.99,medium,low,5,name.com,,,13/08/2026 06:27
5f88fabb-c79b-450f-9914-53a97f308b63,paneled.mortgage,available,14.99,81.99,medium,low,7,name.com,,,05/09/2026 00:50
30d62bfc-fee8-49f3-8951-a24c910d93c4,uprightly.mortgage,available,62.99,62.99,medium,low,9,namesilo,,,15/09/2026 01:06
b2e64771-a850-4080-aa21-d50fbe4ed57d,cellar.mortgage,available,62.99,62.99,high,low,6,namesilo,,,22/09/2026 10:16
932a4d1c-be55-40ee-b705-8e431bf84dcd,ciliate.mortgage,available,14.99,81.99,medium,low,7,name.com,,,12/08/2026 08:06
3d56b815-eab5-4a70-bff0-8c6b2085736a,pitahaya.mortgage,available,65.98,76.98,medium,low,8,namecheap,,,16/09/2026 20:46
a5956bb3-1e19-4635-8944-41cb51de50bc,unkeyed.mortgage,available,14.99,81.99,low,low,7,name.com,,,07/08/2026 13:50
267076e0-d374-4cc9-a6d5-fa93d8a10718,palmatifid.mortgage,available,62.99,62.99,medium,low,10,namesilo,,,05/09/2026 00:03
036c3d03-9566-48d7-916f-f15e330e8b41,alcyone.mortgage,available,14.99,81.99,medium,low,7,name.com,,,20/08/2026 22:22
da4cedc8-adf3-48b1-bd73-66ae0c6c00ad,lyrics.mortgage,available,14.99,,high,low,6,name.com,,,
7e0bb43e-1636-48a3-8f5e-a798e1c7a54c,inept.mortgage,available,14.99,81.99,medium,low,5,name.com,,,21/08/2026 18:53
c27551c0-0329-45b6-9701-379c4d5ff5ff,downright.mortgage,available,14.99,81.99,high,low,9,name.com,,,14/08/2026 17:50
6231dd61-8e7a-4910-92c1-3e8a5a64fe9f,ore.mortgage,premium,102.67,102.67,high,low,3,spaceship,,,30/09/2026 02:25
858989f6-313b-41ad-a577-087cd280399c,befog.mortgage,available,62.99,62.99,medium,low,5,namesilo,,,03/09/2026 23:52
5b0a1736-238b-4cad-be7b-3ee21fe93f1e,barreled.mortgage,available,14.99,81.99,medium,low,8,name.com,,,08/08/2026 20:46
18c9b14a-9176-4716-bcc7-b74513c6d266,theropod.mortgage,available,65.98,76.98,medium,low,8,namecheap,,,23/09/2026 19:39
433e60d7-7470-4e67-b11d-9c2f022a6c37,crochet.mortgage,available,65.98,76.98,high,low,7,namecheap,,,24/09/2026 19:40
7fc1b185-4e83-4d04-af00-7d2c954135b4,nana.mortgage,available,48.2,48.2,high,low,4,cloudflare,,,01/10/2026 01:36
118657c2-53c9-43a3-8898-e6dfd82a833b,swaps.mortgage,available,65.98,76.98,medium,low,5,namecheap,,,18/09/2026 22:39
9e852fd5-d1f8-4567-923d-73487dd5a7c9,hobble.mortgage,available,14.99,81.99,medium,low,6,name.com,,,23/08/2026 13:26
64607f68-d793-4ac0-9c9e-aae67dd698dc,impatient.mortgage,available,14.99,81.99,medium,low,9,name.com,,,21/08/2026 21:53
8a7de456-4dbe-4ffe-9fc4-56f95546bd04,dominguez.mortgage,available,49.88,49.88,medium,low,9,spaceship,,,30/09/2026 13:47
f42cf619-3a59-4951-8a49-bc0d6f32456d,maas.mortgage,available,49.88,49.88,high,low,4,spaceship,,,29/09/2026 21:54
04346079-6a04-4270-b0ad-dff6b29849a7,motherlike.mortgage,available,14.99,81.99,medium,low,10,name.com,,,25/08/2026 07:04
ea7d5875-560c-4598-8825-8d19c04c4c42,abject.mortgage,available,14.99,81.99,medium,low,6,name.com,,,
fff23314-f421-4b48-b60a-33fe2e851d25,zhou.mortgage,available,62.99,62.99,high,low,4,namesilo,,,25/09/2026 22:14
728849a9-fbae-4a66-8dff-b4882452409e,refrigerator.mortgage,available,8.24,51.58,high,low,12,dynadot,,,01/10/2026 01:17
ff8d6411-564b-4168-81ce-db9942e41be8,subfusc.mortgage,available,14.99,81.99,medium,low,7,name.com,,,10/09/2026 23:47
7443020f-c128-4fb5-8b83-3c67940b84e1,beds.mortgage,available,49.88,49.88,high,low,4,spaceship,,,27/09/2026 18:14
e8d00257-a856-4782-bb38-e35f290eefe3,nauseous.mortgage,available,14.99,81.99,medium,low,8,name.com,,,24/08/2026 08:24
76df1829-c9cd-4ca7-987d-835b511b990b,protesting.mortgage,available,49.88,49.88,high,low,10,spaceship,,,29/09/2026 08:58
ffd4b48f-81ff-4d07-8405-f425bfc3764e,challenged.mortgage,available,62.99,62.99,medium,low,10,namesilo,,,28/09/2026 11:21
0f535e27-3879-437f-a43b-6bbfaefb9a8f,goes.mortgage,available,65.98,76.98,high,low,4,namecheap,,,25/09/2026 16:38
0cbfe252-e66b-4f84-93aa-cff7a667b023,shakedown.mortgage,available,62.99,62.99,medium,low,9,namesilo,,,10/09/2026 05:40
76c3a668-bd83-4bb4-920e-02b854984919,bin.mortgage,available,62.99,62.99,high,low,3,namesilo,,,16/09/2026 13:43
a6654d9a-1990-483d-9026-a736cf19abc5,edit.mortgage,available,62.99,62.99,high,low,4,namesilo,,,29/09/2026 02:42
5ed7bed5-c188-4195-a41e-cf09df63bee5,boast.mortgage,available,14.99,81.99,high,low,5,name.com,,,11/08/2026 01:02
440b86ba-aaea-4bf7-b42e-a5da73e9f6bf,parsimony.mortgage,available,62.99,62.99,high,low,9,namesilo,,,08/09/2026 14:39
87774e6b-356d-4dcb-971c-c50629ce323e,virgin.mortgage,premium,118.8,118.8,high,medium,6,namesilo,,,13/09/2026 05:55
70e86195-21c5-43dd-9e54-e825535a604e,implement.mortgage,available,49.88,49.88,high,low,9,spaceship,,,29/09/2026 13:06
fe100509-ef96-446d-a59e-bb6ee51c3367,expression.mortgage,available,49.88,49.88,high,low,10,spaceship,,,29/09/2026 18:43
05477bf7-8620-460c-b44d-f6443270330b,limitation.mortgage,available,48.2,48.2,medium,low,10,cloudflare,,,30/09/2026 03:01
8b028204-0160-4dc5-8fe6-970e9f807188,binds.mortgage,available,48.2,48.2,low,low,5,cloudflare,,,01/10/2026 00:28
3fdd5348-b46b-4e99-80a1-4f047e3589b9,furnish.mortgage,available,62.99,62.99,high,low,7,namesilo,,,30/09/2026 11:07
39585aee-cceb-495a-a817-e1824d71bdd3,taxation.mortgage,available,48.2,48.2,high,low,8,cloudflare,,,30/09/2026 10:13
452b82e1-2e35-4bf7-bc38-ddc3dacc3805,coaches.mortgage,available,62.99,62.99,medium,low,7,namesilo,,,20/09/2026 07:46
e995e03a-ce1c-4432-b99d-663eb17ccd7f,dissection.mortgage,available,62.99,62.99,high,low,10,namesilo,,,24/09/2026 23:04
399adf26-ae78-4516-b053-400e6412410c,coeval.mortgage,available,14.99,81.99,medium,low,6,name.com,,,12/08/2026 15:28
3d0afb82-31fc-44a6-ad4d-32438e987405,touchy.mortgage,available,14.99,81.99,medium,low,6,name.com,,,21/08/2026 14:42
47fb7387-6487-43c1-b665-f63e9c450b51,flashing.mortgage,available,48.2,48.2,medium,low,8,cloudflare,,,28/09/2026 19:14
9a1ee3e2-f52f-43aa-bf87-78d57ccd7f95,flores.mortgage,available,49.88,49.88,high,low,6,spaceship,,,30/09/2026 21:30
623f44f4-d6ce-4cac-8a05-8dc4b34e71d2,raid.mortgage,available,62.99,62.99,high,low,4,namesilo,,,28/09/2026 09:48
ba387d19-f027-441e-96fb-59341740b0f8,revenge.mortgage,available,62.99,62.99,high,low,7,namesilo,,,25/09/2026 10:18
6f2ee20c-0ee9-41d3-bd14-7d3a25081867,sewing.mortgage,available,65.98,76.98,high,low,6,namecheap,,,28/09/2026 10:54
336349af-d0df-4d63-adbe-a327077517cf,adalia.mortgage,available,62.99,62.99,medium,low,6,namesilo,,,17/09/2026 06:12
d7b738e3-7ed1-4018-a860-d94d7ec56671,rasp.mortgage,available,62.99,62.99,medium,low,4,namesilo,,,19/09/2026 15:15
e6b9e20b-71a3-4a34-9b84-807d1479fb66,dividing.mortgage,available,62.99,62.99,medium,low,8,namesilo,,,29/09/2026 08:50
f0ad90d1-8f60-499d-a4af-ccd1f7cda6fd,cruel.mortgage,available,62.99,62.99,high,low,5,namesilo,,,22/09/2026 17:21
6fc8a949-552e-4aa5-af32-82af07a9431e,strength.mortgage,available,62.99,62.99,high,low,8,namesilo,,,19/09/2026 17:18
9ac7364a-1916-4d16-8faf-01e0a8e3afd2,reno.mortgage,premium,260,260,high,low,4,namecheap,,,28/09/2026 06:40
64979486-99c7-43fb-9742-fbfa5aa0a694,basal.mortgage,available,14.99,81.99,high,low,5,name.com,,,08/08/2026 21:24
c6423bd8-6dc8-4850-9971-d61df8b0b1f8,newark.mortgage,premium,1100,1100,medium,low,6,dynadot,,,28/09/2026 19:59
7592b633-473e-44f1-9198-e7c432ab594f,martini.mortgage,available,62.99,62.99,high,low,7,namesilo,,,28/09/2026 14:50
655d491a-1bc9-4663-be0b-eac5bd39ce32,opened.mortgage,available,62.99,62.99,high,low,6,namesilo,,,04/09/2026 16:13
95fc9b2a-acfb-4f86-a486-c49d0f54fd1b,crusty.mortgage,available,14.99,81.99,medium,low,6,name.com,,,13/08/2026 09:26
ba12f07b-ff1c-4aba-9dac-6f900176e20c,antrim.mortgage,available,49.88,49.88,medium,low,6,spaceship,,,28/09/2026 16:38
433969b2-f117-498e-9ef8-1a345b85a048,chop.mortgage,available,49.88,49.88,high,low,4,spaceship,,,29/09/2026 08:58
3ed6c11b-ef08-4b76-9682-dfe15e665cd6,thebes.mortgage,available,8.24,51.58,medium,low,6,dynadot,,,28/09/2026 11:00
9b969d01-6724-4985-8695-9a2ece55ea03,construct.mortgage,available,14.99,81.99,high,low,9,name.com,,,24/09/2026 10:59
c7a6de31-3e2f-4d5c-981f-eda71d6afc4c,shakespeare.mortgage,available,14.99,,high,low,11,name.com,,,
5d846ed9-7c46-4087-a546-c5fe93fe5997,modeling.mortgage,available,62.99,62.99,high,low,8,namesilo,,,24/09/2026 15:25
c9b08a53-aa1e-4f2e-8025-7c067e595095,thanking.mortgage,available,62.99,62.99,high,low,8,namesilo,,,30/09/2026 12:18
f39b610a-2ea3-45b5-9405-ba013755f9c9,menstrual.mortgage,available,14.99,81.99,high,low,9,name.com,,,11/08/2026 20:59
d51dbc68-d015-45b5-95b4-da8eca3201c2,diffusive.mortgage,available,14.99,81.99,medium,low,9,name.com,,,14/08/2026 07:10
75605268-9455-4475-9bdc-5d7eee213fdf,zoology.mortgage,available,49.88,49.88,high,low,7,spaceship,,,01/10/2026 02:02
aa26d5c8-0811-4240-9342-50c55788a697,saucy.mortgage,available,14.99,81.99,high,low,5,name.com,,,21/08/2026 22:17
01da97d6-482d-4fe4-9d5e-3e6873407697,pollen.mortgage,available,62.99,62.99,high,low,6,namesilo,,,30/09/2026 07:06
af23d705-1b4a-4a17-88a0-1bd1367ee92e,reservations.mortgage,available,62.99,62.99,medium,low,12,namesilo,,,17/09/2026 23:30
c6797153-2259-4afd-9356-2535bc93bf57,saad.mortgage,available,49.88,49.88,medium,low,4,spaceship,,,30/09/2026 20:18
1f211fa4-2afb-449a-9d63-406e0bd28200,persistent.mortgage,available,14.99,81.99,high,low,10,name.com,,,14/08/2026 14:58
08300096-6e85-4567-9574-4e95b083688a,inclined.mortgage,available,48.2,48.2,medium,low,8,cloudflare,,,28/09/2026 21:12
36335b77-6ff3-4961-972f-59ecb326a2f3,flank.mortgage,available,65.98,76.98,medium,low,5,namecheap,,,28/09/2026 19:13
f9e7666b-2f58-4341-a9dc-b48058473729,loco.mortgage,available,14.99,81.99,high,low,4,name.com,,,06/08/2026 21:13
a027683b-418e-46d6-8738-6443979cf555,colonic.mortgage,available,14.99,81.99,medium,low,7,name.com,,,12/08/2026 17:22
b280c131-0117-439c-b70a-bf6f9bd2ab94,return.mortgage,available,62.99,62.99,high,low,6,namesilo,,,19/09/2026 03:27
e715192f-24dd-401e-8d8e-18998df58df0,languorous.mortgage,available,14.99,81.99,medium,low,10,name.com,,,22/08/2026 18:05
3a3d0baa-4093-4512-ba27-4d77619437fa,catty.mortgage,available,14.99,81.99,medium,low,5,name.com,,,10/08/2026 07:23
e5868a98-9a8b-4075-a989-aad0f254a7e9,vested.mortgage,available,62.99,62.99,high,low,6,namesilo,,,13/09/2026 04:49
34a4d606-2522-4973-8f95-81ab0a818649,fettered.mortgage,available,14.99,81.99,medium,low,8,name.com,,,18/08/2026 02:54
14823c2c-148a-4bdf-b885-c750ed6db975,flagship.mortgage,available,49.88,49.88,high,low,8,spaceship,,,30/09/2026 17:19
582f637a-73b3-4437-bee5-124c5c80213a,republican.mortgage,available,62.99,62.99,high,low,10,namesilo,,,09/09/2026 14:43
642d9287-d5a7-4d06-a170-878642601656,macintosh.mortgage,available,49.88,49.88,high,low,9,spaceship,,,01/10/2026 02:55
597b7aeb-a896-4037-98e4-6364f9ca7135,schneider.mortgage,available,14.99,,high,low,9,name.com,,,
07f878f9-fd4e-4406-b2e0-d4d6f0c31a0d,macbeth.mortgage,available,62.99,62.99,high,low,7,namesilo,,,29/09/2026 13:20
b872d40f-8dba-476a-bd9d-79e97f5fe93a,dominance.mortgage,available,62.99,62.99,high,low,9,namesilo,,,28/09/2026 22:25
9622c70b-6ce1-4513-8fad-2072ef6e926f,arak.mortgage,available,62.99,62.99,medium,low,4,namesilo,,,19/09/2026 23:47
73968e88-a5d6-435a-9ae6-f26f6c78ee32,privy.mortgage,available,62.99,62.99,high,low,5,namesilo,,,09/09/2026 02:12
865b61d2-f780-49c6-841c-07a9bee5b969,quarto.mortgage,available,62.99,62.99,medium,low,6,namesilo,,,16/09/2026 12:37
72f5c1af-c85f-41e9-8ddb-e27685da7976,chaldean.mortgage,available,14.99,81.99,medium,low,8,name.com,,,12/08/2026 01:26
b9faa51d-e8a3-469e-9c8c-71ece1cc2e91,playfield.mortgage,available,14.99,,high,low,9,name.com,,,
ebdd5ad7-ffb8-4ba3-b889-02e3efc14246,nance.mortgage,available,62.99,62.99,medium,low,5,namesilo,,,09/09/2026 08:05
b4d53bc1-3ad6-42d3-95d1-ed86675ecdef,chequered.mortgage,available,14.99,81.99,medium,low,9,name.com,,,12/08/2026 03:40
df5a2d97-fb4b-4b4b-a589-82ced28e5f8e,wieldy.mortgage,available,62.99,62.99,medium,low,6,namesilo,,,13/09/2026 11:52
99bd8ea0-05e1-4742-b647-e07918f25442,ancillary.mortgage,available,14.99,81.99,high,low,9,name.com,,,
e4fa3a6d-7da9-433c-ab9b-16a19591f05b,sip.mortgage,available,62.99,62.99,high,low,3,namesilo,,,30/09/2026 11:16
7a4a55bf-d6e0-40c1-b3f7-8592162bee06,ccd.mortgage,available,49.88,49.88,high,low,3,spaceship,,,29/09/2026 04:56
038846a0-66f1-4903-bd52-242a5842f1de,histrion.mortgage,available,62.99,62.99,medium,low,8,namesilo,,,11/09/2026 13:07
4b6118c3-f040-453d-abca-db020961e395,heterodox.mortgage,available,14.99,81.99,medium,low,9,name.com,,,14/08/2026 12:37
20f58cae-8c11-4398-8b77-dba861cf8f49,contrite.mortgage,available,14.99,81.99,high,low,8,name.com,,,12/08/2026 23:34
675f638a-cf2f-42fa-b6c4-e9ff29c0b572,aunts.mortgage,available,62.99,62.99,medium,low,5,namesilo,,,18/09/2026 15:51
1d73afdd-2a7f-4b60-8e3d-d6d4aa896ebd,commissioned.mortgage,available,62.99,62.99,medium,low,12,namesilo,,,29/09/2026 23:15
1de4f601-6959-4c17-9902-a828b6ce8a3a,aorta.mortgage,available,62.99,62.99,medium,low,5,namesilo,,,19/09/2026 16:04
4f5ad974-0823-48bb-a7f2-32eaa1006117,discussed.mortgage,available,65.98,76.98,medium,low,9,namecheap,,,27/09/2026 10:04
d6afc8c7-fcb0-494a-94a3-80fd3f0a1f3c,angelus.mortgage,available,62.99,62.99,high,low,7,namesilo,,,19/09/2026 06:03
8be174d3-dbaa-42d4-8096-8d6c8954eb5e,vibrant.mortgage,available,62.99,62.99,high,low,7,namesilo,,,13/09/2026 05:05
7aa243e1-ec9e-408f-9f5a-2bdf884646f4,playacting.mortgage,available,14.99,81.99,medium,low,10,name.com,,,
200dfcf6-c932-4c6a-af6e-3980ac0b1f08,demolished.mortgage,available,14.99,81.99,medium,low,10,name.com,,,14/08/2026 01:21
ee643e05-4b86-4c81-a919-39a24ea27a27,ostensibly.mortgage,available,65.98,76.98,medium,low,10,namecheap,,,13/09/2026 20:26
bdc1646b-2866-4943-9de8-68205f984765,unfaithful.mortgage,available,14.99,81.99,medium,low,10,name.com,,,17/08/2026 21:18
9c6e5bdd-9020-4027-91eb-6444cbf3e483,piping.mortgage,available,62.99,62.99,medium,low,6,namesilo,,,10/09/2026 19:43
e9249569-9aad-4d4f-9121-97b819a7cb4c,cristo.mortgage,available,48.2,48.2,medium,low,6,cloudflare,,,29/09/2026 11:33
fec5ea39-ffef-424b-86e2-63849612e9d5,arboreal.mortgage,available,14.99,81.99,high,low,8,name.com,,,06/08/2026 13:18
a41cf50b-2d9e-4330-91b5-0b360a703703,arguer.mortgage,available,65.98,76.98,medium,low,6,namecheap,,,20/09/2026 04:46
25bcf792-cb26-44ec-a81e-352a1febc6a5,analogous.mortgage,available,14.99,81.99,medium,low,9,name.com,,,
af1a113e-8282-4fcc-bf1e-efa6a5c204d8,medically.mortgage,available,62.99,62.99,medium,low,9,namesilo,,,15/09/2026 13:56
d0f5d75d-c9bd-4454-aa85-15e64ff00344,ravens.mortgage,available,8.24,49.95,medium,low,6,porkbun,,,30/09/2026 07:01
6e09db21-b4e9-43ef-af20-3839abedbf9d,supporter.mortgage,available,65.98,76.98,high,low,9,namecheap,,,22/09/2026 10:07
57058aee-a814-44dc-baa5-423970502160,wondering.mortgage,available,49.88,49.88,high,low,9,spaceship,,,28/09/2026 03:23
fd268371-b723-407a-bfd5-e1398b5f4206,anomie.mortgage,available,62.99,62.99,medium,low,6,namesilo,,,19/09/2026 11:29
e708d75e-a613-4af3-bf1e-dcd1b4b2cf01,cram.mortgage,available,14.99,81.99,high,low,4,name.com,,,10/08/2026 18:14
33fc384e-341a-4884-b694-5ac9c287995a,anamnesis.mortgage,available,62.99,62.99,medium,low,9,namesilo,,,19/09/2026 02:01
b34e08bb-87a8-464a-9483-1d35ee7db431,spheric.mortgage,available,14.99,81.99,medium,low,7,name.com,,,08/08/2026 10:16
78e97b81-33ab-4399-9575-fe5fdddcc8cb,creeps.mortgage,available,62.99,62.99,medium,low,6,namesilo,,,01/10/2026 01:37
c1fc6849-b08f-4192-9b99-8099367a4e02,bitters.mortgage,available,62.99,62.99,medium,low,7,namesilo,,,23/09/2026 23:09
02b5dd2e-5caf-44eb-8da7-9eb35f5cdf26,junoesque.mortgage,available,14.99,81.99,medium,low,9,name.com,,,22/08/2026 14:31
95fb954b-361d-4809-b25f-04da4a2819a6,atlantic.mortgage,premium,242,242,high,low,8,namesilo,,,07/08/2026 13:38
364405da-d1c3-4a3a-bee1-d79e6a3b971c,quaker.mortgage,available,49.88,49.88,high,low,6,spaceship,,,29/09/2026 20:05
6889cbc2-84b5-4c07-bf79-633a0b07c2f6,undergoing.mortgage,available,62.99,62.99,low,low,10,namesilo,,,29/09/2026 23:42
06e927f1-ad55-4361-9bfa-e12579d7739c,tanganyika.mortgage,available,49.88,49.88,medium,low,10,spaceship,,,29/09/2026 07:27
6bdb101d-812d-4d4c-8075-6729172211aa,jared.mortgage,available,62.99,62.99,high,low,5,namesilo,,,27/09/2026 11:10
cce07a25-adc7-4de7-ba68-ad63640614eb,artiste.mortgage,available,62.99,62.99,high,low,7,namesilo,,,20/09/2026 11:55
2a58ec35-20e9-4423-8e20-141c60972503,snuck.mortgage,available,62.99,62.99,medium,low,5,namesilo,,,20/09/2026 23:46
bde60696-1872-4d83-aa95-30b6d827328a,leed.mortgage,available,49.88,49.88,high,low,4,spaceship,,,30/09/2026 20:18
af224f71-210a-4c71-82c6-7d8b856034fd,betrayal.mortgage,available,62.99,62.99,medium,low,8,namesilo,,,23/09/2026 11:24
d687cc2b-ed80-481f-9fc1-de574d8a058a,carroty.mortgage,available,14.99,81.99,medium,low,7,name.com,,,11/08/2026 19:48
b0919172-6900-4a28-9752-176dbd9576e2,grammar.mortgage,available,49.88,49.88,high,low,7,spaceship,,,29/09/2026 21:08
4b9b7723-1a72-4044-89a0-c548cde912cf,kicked.mortgage,available,65.98,76.98,medium,low,6,namecheap,,,25/09/2026 19:40
640d919c-26cc-4ee6-b64d-9a5bcfc4cc00,fluke.mortgage,available,49.88,49.88,medium,low,5,spaceship,,,01/10/2026 02:12
eb549fae-688c-41a2-a18a-175e4bea5c0f,alp.mortgage,available,62.99,62.99,high,low,3,namesilo,,,18/09/2026 13:29
2cddafdc-e463-45d1-b013-884ba4a2133b,russia.mortgage,premium,414.2,414.2,high,medium,6,spaceship,,,30/09/2026 10:26
7f782985-b6f2-48c8-bee6-69496e1fb171,arawak.mortgage,available,14.99,81.99,medium,low,6,name.com,,,06/08/2026 12:38
a4f85abc-7630-41dc-9e5f-f7e8660d767a,canine.mortgage,available,14.99,81.99,high,low,6,name.com,,,11/08/2026 16:56
aa5d2c97-ba16-4164-80dc-ef82d80ffd2a,letter.mortgage,available,62.99,62.99,high,low,6,namesilo,,,28/09/2026 06:50
0342aba9-4b01-4d45-bbb1-857895bad8e1,amhara.mortgage,available,65.98,76.98,high,low,6,namecheap,,,18/09/2026 21:12
e54c577f-2562-4905-9f79-1456566b5784,designate.mortgage,available,14.99,81.99,high,low,9,name.com,,,14/08/2026 03:42
a479c980-b5e4-4d09-bef7-c5d6b4fe9636,contextual.mortgage,available,14.99,81.99,high,low,10,name.com,,,12/08/2026 23:13
9156d481-5de7-441e-baca-89ec4dae44c7,rollover.mortgage,available,65.98,76.98,high,low,9,namecheap,,,16/09/2026 17:22
b87ee524-113a-4382-b1a0-8081e8cd6b31,mantic.mortgage,available,14.99,81.99,medium,low,6,name.com,,,14/08/2026 13:48
f9fc6f2f-6135-469d-af4e-b8e454c058ed,hypothetical.mortgage,available,8.24,49.95,medium,low,12,porkbun,,,29/09/2026 02:54
4ac170b7-1031-4eac-b598-b9d534a2dca5,mackenzie.mortgage,available,62.99,62.99,high,low,9,namesilo,,,25/09/2026 21:54
9e0141d2-f0c9-422e-9217-98983550433c,ludicrous.mortgage,available,14.99,81.99,medium,low,9,name.com,,,14/08/2026 02:58
ecc9fde3-ff83-4c82-8156-bfca2a808dd8,ineffective.mortgage,available,62.99,62.99,medium,low,11,namesilo,,,30/09/2026 12:11
76f1b293-8b89-4b7d-bef4-d17158553982,monet.mortgage,available,48.2,48.2,high,low,5,cloudflare,,,29/09/2026 18:23
f9db88de-8ea2-47f4-be9d-ae9dfb4bf91c,allowable.mortgage,available,14.99,81.99,high,low,9,name.com,,,
f8b70ad4-ac11-4d86-8ed7-43df63339916,occupational.mortgage,available,62.99,62.99,medium,low,12,namesilo,,,29/09/2026 03:01
8a53aa7a-83b8-4ff5-85d9-5eb701362d70,westlake.mortgage,available,14.99,,high,low,8,name.com,,,
8baf6d29-0cb0-4a63-9d58-986c1423abf8,disguised.mortgage,available,14.99,81.99,medium,low,9,name.com,,,12/08/2026 11:30
a6c385a1-7668-4f07-9eb1-8f1221475668,fitfully.mortgage,available,62.99,62.99,medium,low,8,namesilo,,,14/09/2026 18:43
a4ed0293-a51e-47c8-a08c-43bca9caf91e,alexei.mortgage,available,65.98,76.98,high,low,6,namecheap,,,29/09/2026 10:07
54d4e7b0-05d4-49bb-a550-6f374a89cf77,polythene.mortgage,available,62.99,62.99,medium,low,9,namesilo,,,30/09/2026 07:10
92cb6c66-4f27-465d-884f-825de1f06c04,vinson.mortgage,available,8.24,49.95,medium,low,6,porkbun,,,29/09/2026 12:24
34b05802-d2af-4d32-8241-6080be42c713,league.mortgage,available,62.99,62.99,high,low,6,namesilo,,,30/09/2026 02:33
f7df82f6-d59a-4409-9ec1-47f1f03f8fa3,headline.mortgage,available,62.99,62.99,high,low,8,namesilo,,,29/09/2026 22:23
b2c4d308-6dc5-4997-b794-585961f8aecb,leaf.mortgage,available,8.24,51.58,high,low,4,dynadot,,,29/09/2026 19:38
4ca84767-801c-4f4f-a0d1-a4b58a371b53,pneumonia.mortgage,available,8.24,51.58,high,low,9,dynadot,,,28/09/2026 06:36
dd854a20-b1e8-42f8-adfa-4abd3d0581fb,confusion.mortgage,available,62.99,62.99,high,low,9,namesilo,,,29/09/2026 10:55
82e87291-4ddc-459a-a463-51c5ffd12ab7,amy.mortgage,available,62.99,62.99,high,low,3,namesilo,,,25/09/2026 16:39
833f3b07-8ef7-40da-9336-a19dc32f45ab,kathleen.mortgage,available,62.99,62.99,high,low,8,namesilo,,,25/09/2026 14:34
21c7bc27-23f1-4402-9b88-29ad8bfdeeaa,tongan.mortgage,available,62.99,62.99,high,low,6,namesilo,,,11/09/2026 17:06
ec97c106-c670-4782-bec0-9c60bd20e2f7,auctioneer.mortgage,available,62.99,62.99,high,low,10,namesilo,,,21/09/2026 02:42
63f2e1b3-2003-4049-bd72-1685f490fb8f,exactly.mortgage,available,62.99,62.99,high,low,7,namesilo,,,26/09/2026 00:15
2374e1ee-026a-4d8b-b81f-b9242e6d02d6,anchovy.mortgage,available,62.99,62.99,high,low,7,namesilo,,,19/09/2026 03:46
12b6816e-85a3-49ec-bb30-5e74c4555671,erectile.mortgage,available,14.99,81.99,medium,low,8,name.com,,,17/08/2026 12:07
176ae8f2-6ba2-42ee-8bf4-9d09411c075d,miners.mortgage,available,8.24,51.58,medium,low,6,dynadot,,,28/09/2026 18:17
733c127a-c72a-4721-b05b-d98d1265d1b6,faced.mortgage,available,14.99,81.99,high,low,5,name.com,,,17/08/2026 20:20
91b5f4f5-6bd6-4c0d-8d1b-eb7543c75278,buff.mortgage,available,14.99,81.99,high,low,4,name.com,,,11/08/2026 07:48
216c6229-cebc-4001-ac9a-69c9745c9ba8,northrop.mortgage,available,49.88,49.88,medium,low,8,spaceship,,,28/09/2026 10:11
f4e13fb7-3420-4eef-96e1-1e5f6fb7bf1a,itching.mortgage,available,8.24,51.58,medium,low,7,dynadot,,,30/09/2026 02:03
4b13271c-0499-41c2-929c-a5cd761c3745,bangalore.mortgage,available,62.99,62.99,high,low,9,namesilo,,,22/09/2026 01:45
04ec8d7c-d523-4e6a-8e3b-113f6d7cb796,optimized.mortgage,available,49.88,49.88,high,low,9,spaceship,,,27/09/2026 22:29
5abe422c-395d-46a4-bc80-73e0d0c256d0,accountable.mortgage,available,62.99,62.99,high,low,11,namesilo,,,29/09/2026 08:24
7ab4196e-7f2f-4710-bfa9-9b8e2bf47220,algometer.mortgage,available,62.99,62.99,medium,low,9,namesilo,,,18/09/2026 07:11
fbef8bf0-70d2-4023-96eb-4b3d97f3556a,diacritic.mortgage,available,14.99,81.99,medium,low,9,name.com,,,14/08/2026 05:43
88a2a414-b6aa-4cc7-8c79-3efd4cbc3caf,stringent.mortgage,available,62.99,62.99,medium,low,9,namesilo,,,10/09/2026 22:40
bfffcf6b-df01-4667-a191-1d4df741fdb8,anchorage.mortgage,premium,242,242,high,low,9,namesilo,,,19/09/2026 03:43
bca42dc1-b35e-4562-991b-f5e9eacdcb7d,thulium.mortgage,available,62.99,62.99,medium,low,7,namesilo,,,20/09/2026 23:37
f7e210c6-83a2-4628-af03-e8c43f3a0975,alprazolam.mortgage,available,62.99,62.99,medium,low,10,namesilo,,,18/09/2026 14:08
41511ed1-dca4-4509-b06a-621f92d94a8f,toupeed.mortgage,available,65.98,76.98,low,low,7,namecheap,,,11/09/2026 18:18
7b9315f7-7ad9-4214-8661-13a071d8462f,antabuse.mortgage,available,62.99,62.99,medium,low,8,namesilo,,,19/09/2026 12:24
d64f9917-b206-4ebc-92b8-a62dc7172afe,ardennes.mortgage,available,62.99,62.99,medium,low,8,namesilo,,,20/09/2026 03:09
b891fc0d-bf99-41a1-a392-1625a1881f36,padua.mortgage,available,48.2,48.2,medium,low,5,cloudflare,,,27/09/2026 15:08
b1ba04e7-fcb7-45b0-8454-f07791895fb8,din.mortgage,available,14.99,81.99,medium,low,3,name.com,,,10/08/2026 13:17
aad2b8a6-a2e7-45b4-916f-855844db71c8,boney.mortgage,available,14.99,81.99,medium,low,5,name.com,,,10/08/2026 18:44
c1603893-dff5-4c0f-a812-a891fb31dc9d,downstairs.mortgage,available,14.99,81.99,high,low,10,name.com,,,14/08/2026 17:55
704a204b-1770-4150-9829-75179d3d821e,niggers.mortgage,available,62.99,62.99,low,low,7,namesilo,,,16/09/2026 14:20
c1a0428b-f5db-4ee2-9faa-007611772f83,everlasting.mortgage,available,49.88,49.88,high,low,11,spaceship,,,29/09/2026 08:43
8ea9c026-18c7-4d42-98be-67e577af11ef,washup.mortgage,available,62.99,62.99,medium,low,6,namesilo,,,24/09/2026 22:42
c4dc6a00-875d-40d8-8837-7d372a866f6e,casserole.mortgage,available,62.99,62.99,high,low,9,namesilo,,,24/09/2026 13:04
d1ce631f-22f6-4bea-bdfc-4953d4dcd83b,noaa.mortgage,available,49.88,49.88,high,low,4,spaceship,,,28/09/2026 02:28
055951f2-047e-46f9-9647-66112ac4c128,guitar.mortgage,available,49.88,49.88,high,low,6,spaceship,,,29/09/2026 21:44
df15eb8f-e145-44ec-b9fc-925ae4b07347,inca.mortgage,available,14.99,81.99,high,low,4,name.com,,,22/08/2026 00:46